#,NameENG,NameFR,Type 1,Type 1 FR,Type 2,Type 2 FR,Total,HP,Attack,Defense,Sp. Atk,Sp. Def,Speed,Generation,Legendary
1,Bulbasaur,Bulbizarre,Grass,Plante,Poison,Poison,318,45,49,49,65,65,45,1,FALSE
2,Ivysaur,Herbizarre,Grass,Plante,Poison,Poison,405,60,62,63,80,80,60,1,FALSE
3,Venusaur,Florizarre,Grass,Plante,Poison,Poison,525,80,82,83,100,100,80,1,FALSE
4,Charmander,Salamèche,Fire,Feu,,NA,309,39,52,43,60,50,65,1,FALSE
5,Charmeleon,Reptincel,Fire,Feu,,NA,405,58,64,58,80,65,80,1,FALSE
6,Charizard,Dracaufeu,Fire,Feu,Flying,Vol,534,78,84,78,109,85,100,1,FALSE
7,Squirtle,Carapuce,Water,Eau,,NA,314,44,48,65,50,64,43,1,FALSE
8,Wartortle,Carabaffe,Water,Eau,,NA,405,59,63,80,65,80,58,1,FALSE
9,Blastoise,Tortank,Water,Eau,,NA,530,79,83,100,85,105,78,1,FALSE
10,Caterpie,Chenipan,Bug,Insecte,,NA,195,45,30,35,20,20,45,1,FALSE
11,Metapod,Chrysacier,Bug,Insecte,,NA,205,50,20,55,25,25,30,1,FALSE
12,Butterfree,Papilusion,Bug,Insecte,Flying,Vol,395,60,45,50,90,80,70,1,FALSE
13,Weedle,Aspicot,Bug,Insecte,Poison,Poison,195,40,35,30,20,20,50,1,FALSE
14,Kakuna,Coconfort,Bug,Insecte,Poison,Poison,205,45,25,50,25,25,35,1,FALSE
15,Beedrill,Dardargnan,Bug,Insecte,Poison,Poison,395,65,90,40,45,80,75,1,FALSE
16,Pidgey,Roucool,Normal,Normal,Flying,Vol,251,40,45,40,35,35,56,1,FALSE
17,Pidgeotto,Roucoups,Normal,Normal,Flying,Vol,349,63,60,55,50,50,71,1,FALSE
18,Pidgeot,Roucarnage,Normal,Normal,Flying,Vol,479,83,80,75,70,70,101,1,FALSE
19,Rattata,Rattata,Normal,Normal,,NA,253,30,56,35,25,35,72,1,FALSE
20,Raticate,Rattatac,Normal,Normal,,NA,413,55,81,60,50,70,97,1,FALSE
21,Spearow,Piafabec,Normal,Normal,Flying,Vol,262,40,60,30,31,31,70,1,FALSE
22,Fearow,Rapasdepic,Normal,Normal,Flying,Vol,442,65,90,65,61,61,100,1,FALSE
23,Ekans,Abo,Poison,Poison,,NA,288,35,60,44,40,54,55,1,FALSE
24,Arbok,Arbok,Poison,Poison,,NA,438,60,85,69,65,79,80,1,FALSE
25,Pikachu,Pikachu,Electric,Électrik,,NA,320,35,55,40,50,50,90,1,FALSE
26,Raichu,Raichu,Electric,Électrik,,NA,485,60,90,55,90,80,110,1,FALSE
27,Sandshrew,Sabelette,Ground,Sol,,NA,300,50,75,85,20,30,40,1,FALSE
28,Sandslash,Sablaireau,Ground,Sol,,NA,450,75,100,110,45,55,65,1,FALSE
29,Nidoran<U+2640>,Nidoran<U+2640>,Poison,Poison,,NA,275,55,47,52,40,40,41,1,FALSE
30,Nidorina,Nidorina,Poison,Poison,,NA,365,70,62,67,55,55,56,1,FALSE
31,Nidoqueen,Nidoqueen,Poison,Poison,Ground,Sol,505,90,92,87,75,85,76,1,FALSE
32,Nidoran<U+2642>,Nidoran<U+2642>,Poison,Poison,,NA,273,46,57,40,40,40,50,1,FALSE
33,Nidorino,Nidorino,Poison,Poison,,NA,365,61,72,57,55,55,65,1,FALSE
34,Nidoking,Nidoking,Poison,Poison,Ground,Sol,505,81,102,77,85,75,85,1,FALSE
35,Clefairy,Mélofée,Fairy,Fée,,NA,323,70,45,48,60,65,35,1,FALSE
36,Clefable,Mélodelfe,Fairy,Fée,,NA,483,95,70,73,95,90,60,1,FALSE
37,Vulpix,Goupix,Fire,Feu,,NA,299,38,41,40,50,65,65,1,FALSE
38,Ninetales,Feunard,Fire,Feu,,NA,505,73,76,75,81,100,100,1,FALSE
39,Jigglypuff,Rondoudou,Normal,Normal,Fairy,Fée,270,115,45,20,45,25,20,1,FALSE
40,Wigglytuff,Grodoudou,Normal,Normal,Fairy,Fée,435,140,70,45,85,50,45,1,FALSE
41,Zubat,Nosferapti,Poison,Poison,Flying,Vol,245,40,45,35,30,40,55,1,FALSE
42,Golbat,Nosferalto,Poison,Poison,Flying,Vol,455,75,80,70,65,75,90,1,FALSE
43,Oddish,Mystherbe,Grass,Plante,Poison,Poison,320,45,50,55,75,65,30,1,FALSE
44,Gloom,Ortide,Grass,Plante,Poison,Poison,395,60,65,70,85,75,40,1,FALSE
45,Vileplume,Rafflesia,Grass,Plante,Poison,Poison,490,75,80,85,110,90,50,1,FALSE
46,Paras,Paras,Bug,Insecte,Grass,Plante,285,35,70,55,45,55,25,1,FALSE
47,Parasect,Parasect,Bug,Insecte,Grass,Plante,405,60,95,80,60,80,30,1,FALSE
48,Venonat,Mimitoss,Bug,Insecte,Poison,Poison,305,60,55,50,40,55,45,1,FALSE
49,Venomoth,Aéromite,Bug,Insecte,Poison,Poison,450,70,65,60,90,75,90,1,FALSE
50,Diglett,Taupiqueur,Ground,Sol,,NA,265,10,55,25,35,45,95,1,FALSE
51,Dugtrio,Triopikeur,Ground,Sol,,NA,405,35,80,50,50,70,120,1,FALSE
52,Meowth,Miaouss,Normal,Normal,,NA,290,40,45,35,40,40,90,1,FALSE
53,Persian,Persian,Normal,Normal,,NA,440,65,70,60,65,65,115,1,FALSE
54,Psyduck,Psykokwak,Water,Eau,,NA,320,50,52,48,65,50,55,1,FALSE
55,Golduck,Akwakwak,Water,Eau,,NA,500,80,82,78,95,80,85,1,FALSE
56,Mankey,Férosinge,Fighting,Combat,,NA,305,40,80,35,35,45,70,1,FALSE
57,Primeape,Colossinge,Fighting,Combat,,NA,455,65,105,60,60,70,95,1,FALSE
58,Growlithe,Caninos,Fire,Feu,,NA,350,55,70,45,70,50,60,1,FALSE
59,Arcanine,Arcanin,Fire,Feu,,NA,555,90,110,80,100,80,95,1,FALSE
60,Poliwag,Ptitard,Water,Eau,,NA,300,40,50,40,40,40,90,1,FALSE
61,Poliwhirl,Têtarte,Water,Eau,,NA,385,65,65,65,50,50,90,1,FALSE
62,Poliwrath,Tartard,Water,Eau,Fighting,Combat,510,90,95,95,70,90,70,1,FALSE
63,Abra,Abra,Psychic,Psy,,NA,310,25,20,15,105,55,90,1,FALSE
64,Kadabra,Kadabra,Psychic,Psy,,NA,400,40,35,30,120,70,105,1,FALSE
65,Alakazam,Alakazam,Psychic,Psy,,NA,500,55,50,45,135,95,120,1,FALSE
66,Machop,Machoc,Fighting,Combat,,NA,305,70,80,50,35,35,35,1,FALSE
67,Machoke,Machopeur,Fighting,Combat,,NA,405,80,100,70,50,60,45,1,FALSE
68,Machamp,Mackogneur,Fighting,Combat,,NA,505,90,130,80,65,85,55,1,FALSE
69,Bellsprout,Chétiflor,Grass,Plante,Poison,Poison,300,50,75,35,70,30,40,1,FALSE
70,Weepinbell,Boustiflor,Grass,Plante,Poison,Poison,390,65,90,50,85,45,55,1,FALSE
71,Victreebel,Empiflor,Grass,Plante,Poison,Poison,490,80,105,65,100,70,70,1,FALSE
72,Tentacool,Tentacool,Water,Eau,Poison,Poison,335,40,40,35,50,100,70,1,FALSE
73,Tentacruel,Tentacruel,Water,Eau,Poison,Poison,515,80,70,65,80,120,100,1,FALSE
74,Geodude,Racaillou,Rock,Roche,Ground,Sol,300,40,80,100,30,30,20,1,FALSE
75,Graveler,Gravalanch,Rock,Roche,Ground,Sol,390,55,95,115,45,45,35,1,FALSE
76,Golem,Grolem,Rock,Roche,Ground,Sol,495,80,120,130,55,65,45,1,FALSE
77,Ponyta,Ponyta,Fire,Feu,,NA,410,50,85,55,65,65,90,1,FALSE
78,Rapidash,Galopa,Fire,Feu,,NA,500,65,100,70,80,80,105,1,FALSE
79,Slowpoke,Ramoloss,Water,Eau,Psychic,Psy,315,90,65,65,40,40,15,1,FALSE
80,Slowbro,Flagadoss,Water,Eau,Psychic,Psy,490,95,75,110,100,80,30,1,FALSE
81,Magnemite,Magnéti,Electric,Électrik,Steel,Acier,325,25,35,70,95,55,45,1,FALSE
82,Magneton,Magnéton,Electric,Électrik,Steel,Acier,465,50,60,95,120,70,70,1,FALSE
83,Farfetch'd,Canarticho,Normal,Normal,Flying,Vol,352,52,65,55,58,62,60,1,FALSE
84,Doduo,Doduo,Normal,Normal,Flying,Vol,310,35,85,45,35,35,75,1,FALSE
85,Dodrio,Dodrio,Normal,Normal,Flying,Vol,460,60,110,70,60,60,100,1,FALSE
86,Seel,Otaria,Water,Eau,,NA,325,65,45,55,45,70,45,1,FALSE
87,Dewgong,Lamantine,Water,Eau,Ice,Glace,475,90,70,80,70,95,70,1,FALSE
88,Grimer,Tadmorv,Poison,Poison,,NA,325,80,80,50,40,50,25,1,FALSE
89,Muk,Grotadmorv,Poison,Poison,,NA,500,105,105,75,65,100,50,1,FALSE
90,Shellder,Kokiyas,Water,Eau,,NA,305,30,65,100,45,25,40,1,FALSE
91,Cloyster,Crustabri,Water,Eau,Ice,Glace,525,50,95,180,85,45,70,1,FALSE
92,Gastly,Fantominus,Ghost,Spectre,Poison,Poison,310,30,35,30,100,35,80,1,FALSE
93,Haunter,Spectrum,Ghost,Spectre,Poison,Poison,405,45,50,45,115,55,95,1,FALSE
94,Gengar,Ectoplasma,Ghost,Spectre,Poison,Poison,500,60,65,60,130,75,110,1,FALSE
95,Onix,Onix,Rock,Roche,Ground,Sol,385,35,45,160,30,45,70,1,FALSE
96,Drowzee,Soporifik,Psychic,Psy,,NA,328,60,48,45,43,90,42,1,FALSE
97,Hypno,Hypnomade,Psychic,Psy,,NA,483,85,73,70,73,115,67,1,FALSE
98,Krabby,Krabby,Water,Eau,,NA,325,30,105,90,25,25,50,1,FALSE
99,Kingler,Krabboss,Water,Eau,,NA,475,55,130,115,50,50,75,1,FALSE
100,Voltorb,Voltorbe,Electric,Électrik,,NA,330,40,30,50,55,55,100,1,FALSE
101,Electrode,Électrode,Electric,Électrik,,NA,480,60,50,70,80,80,140,1,FALSE
102,Exeggcute,Noeunoeuf,Grass,Plante,Psychic,Psy,325,60,40,80,60,45,40,1,FALSE
103,Exeggutor,Noadkoko,Grass,Plante,Psychic,Psy,520,95,95,85,125,65,55,1,FALSE
104,Cubone,Osselait,Ground,Sol,,NA,320,50,50,95,40,50,35,1,FALSE
105,Marowak,Ossatueur,Ground,Sol,,NA,425,60,80,110,50,80,45,1,FALSE
106,Hitmonlee,Kicklee,Fighting,Combat,,NA,455,50,120,53,35,110,87,1,FALSE
107,Hitmonchan,Tygnon,Fighting,Combat,,NA,455,50,105,79,35,110,76,1,FALSE
108,Lickitung,Excelangue,Normal,Normal,,NA,385,90,55,75,60,75,30,1,FALSE
109,Koffing,Smogo,Poison,Poison,,NA,340,40,65,95,60,45,35,1,FALSE
110,Weezing,Smogogo,Poison,Poison,,NA,490,65,90,120,85,70,60,1,FALSE
111,Rhyhorn,Rhinocorne,Ground,Sol,Rock,Roche,345,80,85,95,30,30,25,1,FALSE
112,Rhydon,Rhinoféros,Ground,Sol,Rock,Roche,485,105,130,120,45,45,40,1,FALSE
113,Chansey,Leveinard,Normal,Normal,,NA,450,250,5,5,35,105,50,1,FALSE
114,Tangela,Saquedeneu,Grass,Plante,,NA,435,65,55,115,100,40,60,1,FALSE
115,Kangaskhan,Kangourex,Normal,Normal,,NA,490,105,95,80,40,80,90,1,FALSE
116,Horsea,Hypotrempe,Water,Eau,,NA,295,30,40,70,70,25,60,1,FALSE
117,Seadra,Hypocéan,Water,Eau,,NA,440,55,65,95,95,45,85,1,FALSE
118,Goldeen,Poissirène,Water,Eau,,NA,320,45,67,60,35,50,63,1,FALSE
119,Seaking,Poissoroy,Water,Eau,,NA,450,80,92,65,65,80,68,1,FALSE
120,Staryu,Stari,Water,Eau,,NA,340,30,45,55,70,55,85,1,FALSE
121,Starmie,Staross,Water,Eau,Psychic,Psy,520,60,75,85,100,85,115,1,FALSE
122,Mr. Mime,M. Mime,Psychic,Psy,Fairy,Fée,460,40,45,65,100,120,90,1,FALSE
123,Scyther,Insécateur,Bug,Insecte,Flying,Vol,500,70,110,80,55,80,105,1,FALSE
124,Jynx,Lippoutou,Ice,Glace,Psychic,Psy,455,65,50,35,115,95,95,1,FALSE
125,Electabuzz,Élektek,Electric,Électrik,,NA,490,65,83,57,95,85,105,1,FALSE
126,Magmar,Magmar,Fire,Feu,,NA,495,65,95,57,100,85,93,1,FALSE
127,Pinsir,Scarabrute,Bug,Insecte,,NA,500,65,125,100,55,70,85,1,FALSE
128,Tauros,Tauros,Normal,Normal,,NA,490,75,100,95,40,70,110,1,FALSE
129,Magikarp,Magicarpe,Water,Eau,,NA,200,20,10,55,15,20,80,1,FALSE
130,Gyarados,Léviator,Water,Eau,Flying,Vol,540,95,125,79,60,100,81,1,FALSE
131,Lapras,Lokhlass,Water,Eau,Ice,Glace,535,130,85,80,85,95,60,1,FALSE
132,Ditto,Métamorph,Normal,Normal,,NA,288,48,48,48,48,48,48,1,FALSE
133,Eevee,Évoli,Normal,Normal,,NA,325,55,55,50,45,65,55,1,FALSE
134,Vaporeon,Aquali,Water,Eau,,NA,525,130,65,60,110,95,65,1,FALSE
135,Jolteon,Voltali,Electric,Électrik,,NA,525,65,65,60,110,95,130,1,FALSE
136,Flareon,Pyroli,Fire,Feu,,NA,525,65,130,60,95,110,65,1,FALSE
137,Porygon,Porygon,Normal,Normal,,NA,395,65,60,70,85,75,40,1,FALSE
138,Omanyte,Amonita,Rock,Roche,Water,Eau,355,35,40,100,90,55,35,1,FALSE
139,Omastar,Amonistar,Rock,Roche,Water,Eau,495,70,60,125,115,70,55,1,FALSE
140,Kabuto,Kabuto,Rock,Roche,Water,Eau,355,30,80,90,55,45,55,1,FALSE
141,Kabutops,Kabutops,Rock,Roche,Water,Eau,495,60,115,105,65,70,80,1,FALSE
142,Aerodactyl,Ptéra,Rock,Roche,Flying,Vol,515,80,105,65,60,75,130,1,FALSE
143,Snorlax,Ronflex,Normal,Normal,,NA,540,160,110,65,65,110,30,1,FALSE
144,Articuno,Artikodin,Ice,Glace,Flying,Vol,580,90,85,100,95,125,85,1,TRUE
145,Zapdos,Électhor,Electric,Électrik,Flying,Vol,580,90,90,85,125,90,100,1,TRUE
146,Moltres,Sulfura,Fire,Feu,Flying,Vol,580,90,100,90,125,85,90,1,TRUE
147,Dratini,Minidraco,Dragon,Dragon,,NA,300,41,64,45,50,50,50,1,FALSE
148,Dragonair,Draco,Dragon,Dragon,,NA,420,61,84,65,70,70,70,1,FALSE
149,Dragonite,Dracolosse,Dragon,Dragon,Flying,Vol,600,91,134,95,100,100,80,1,FALSE
150,Mewtwo,Mewtwo,Psychic,Psy,,NA,680,106,110,90,154,90,130,1,TRUE
151,Mew,Mew,Psychic,Psy,,NA,600,100,100,100,100,100,100,1,FALSE
152,Chikorita,Germignon,Grass,Plante,,NA,318,45,49,65,49,65,45,2,FALSE
153,Bayleef,Macronium,Grass,Plante,,NA,405,60,62,80,63,80,60,2,FALSE
154,Meganium,Méganium,Grass,Plante,,NA,525,80,82,100,83,100,80,2,FALSE
155,Cyndaquil,Héricendre,Fire,Feu,,NA,309,39,52,43,60,50,65,2,FALSE
156,Quilava,Feurisson,Fire,Feu,,NA,405,58,64,58,80,65,80,2,FALSE
157,Typhlosion,Typhlosion,Fire,Feu,,NA,534,78,84,78,109,85,100,2,FALSE
158,Totodile,Kaiminus,Water,Eau,,NA,314,50,65,64,44,48,43,2,FALSE
159,Croconaw,Crocrodil,Water,Eau,,NA,405,65,80,80,59,63,58,2,FALSE
160,Feraligatr,Aligatueur,Water,Eau,,NA,530,85,105,100,79,83,78,2,FALSE
161,Sentret,Fouinette,Normal,Normal,,NA,215,35,46,34,35,45,20,2,FALSE
162,Furret,Fouinar,Normal,Normal,,NA,415,85,76,64,45,55,90,2,FALSE
163,Hoothoot,Hoothoot,Normal,Normal,Flying,Vol,262,60,30,30,36,56,50,2,FALSE
164,Noctowl,Noarfang,Normal,Normal,Flying,Vol,442,100,50,50,76,96,70,2,FALSE
165,Ledyba,Coxy,Bug,Insecte,Flying,Vol,265,40,20,30,40,80,55,2,FALSE
166,Ledian,Coxyclaque,Bug,Insecte,Flying,Vol,390,55,35,50,55,110,85,2,FALSE
167,Spinarak,Mimigal,Bug,Insecte,Poison,Poison,250,40,60,40,40,40,30,2,FALSE
168,Ariados,Migalos,Bug,Insecte,Poison,Poison,390,70,90,70,60,60,40,2,FALSE
169,Crobat,Nostenfer,Poison,Poison,Flying,Vol,535,85,90,80,70,80,130,2,FALSE
170,Chinchou,Loupio,Water,Eau,Electric,Électrik,330,75,38,38,56,56,67,2,FALSE
171,Lanturn,Lanturn,Water,Eau,Electric,Électrik,460,125,58,58,76,76,67,2,FALSE
172,Pichu,Pichu,Electric,Électrik,,NA,205,20,40,15,35,35,60,2,FALSE
173,Cleffa,Mélo,Fairy,Fée,,NA,218,50,25,28,45,55,15,2,FALSE
174,Igglybuff,Toudoudou,Normal,Normal,Fairy,Fée,210,90,30,15,40,20,15,2,FALSE
175,Togepi,Togepi,Fairy,Fée,,NA,245,35,20,65,40,65,20,2,FALSE
176,Togetic,Togetic,Fairy,Fée,Flying,Vol,405,55,40,85,80,105,40,2,FALSE
177,Natu,Natu,Psychic,Psy,Flying,Vol,320,40,50,45,70,45,70,2,FALSE
178,Xatu,Xatu,Psychic,Psy,Flying,Vol,470,65,75,70,95,70,95,2,FALSE
179,Mareep,Wattouat,Electric,Électrik,,NA,280,55,40,40,65,45,35,2,FALSE
180,Flaaffy,Lainergie,Electric,Électrik,,NA,365,70,55,55,80,60,45,2,FALSE
181,Ampharos,Pharamp,Electric,Électrik,,NA,510,90,75,85,115,90,55,2,FALSE
182,Bellossom,Joliflor,Grass,Plante,,NA,490,75,80,95,90,100,50,2,FALSE
183,Marill,Marill,Water,Eau,Fairy,Fée,250,70,20,50,20,50,40,2,FALSE
184,Azumarill,Azumarill,Water,Eau,Fairy,Fée,420,100,50,80,60,80,50,2,FALSE
185,Sudowoodo,Simularbre,Rock,Roche,,NA,410,70,100,115,30,65,30,2,FALSE
186,Politoed,Tarpaud,Water,Eau,,NA,500,90,75,75,90,100,70,2,FALSE
187,Hoppip,Granivol,Grass,Plante,Flying,Vol,250,35,35,40,35,55,50,2,FALSE
188,Skiploom,Floravol,Grass,Plante,Flying,Vol,340,55,45,50,45,65,80,2,FALSE
189,Jumpluff,Cotovol,Grass,Plante,Flying,Vol,460,75,55,70,55,95,110,2,FALSE
190,Aipom,Capumain,Normal,Normal,,NA,360,55,70,55,40,55,85,2,FALSE
191,Sunkern,Tournegrin,Grass,Plante,,NA,180,30,30,30,30,30,30,2,FALSE
192,Sunflora,Héliatronc,Grass,Plante,,NA,425,75,75,55,105,85,30,2,FALSE
193,Yanma,Yanma,Bug,Insecte,Flying,Vol,390,65,65,45,75,45,95,2,FALSE
194,Wooper,Axoloto,Water,Eau,Ground,Sol,210,55,45,45,25,25,15,2,FALSE
195,Quagsire,Maraiste,Water,Eau,Ground,Sol,430,95,85,85,65,65,35,2,FALSE
196,Espeon,Mentali,Psychic,Psy,,NA,525,65,65,60,130,95,110,2,FALSE
197,Umbreon,Noctali,Dark,Ténèbres,,NA,525,95,65,110,60,130,65,2,FALSE
198,Murkrow,Cornèbre,Dark,Ténèbres,Flying,Vol,405,60,85,42,85,42,91,2,FALSE
199,Slowking,Roigada,Water,Eau,Psychic,Psy,490,95,75,80,100,110,30,2,FALSE
200,Misdreavus,Feuforêve,Ghost,Spectre,,NA,435,60,60,60,85,85,85,2,FALSE
201,Unown,Zarbi,Psychic,Psy,,NA,336,48,72,48,72,48,48,2,FALSE
202,Wobbuffet,Qulbutoké,Psychic,Psy,,NA,405,190,33,58,33,58,33,2,FALSE
203,Girafarig,Girafarig,Normal,Normal,Psychic,Psy,455,70,80,65,90,65,85,2,FALSE
204,Pineco,Pomdepik,Bug,Insecte,,NA,290,50,65,90,35,35,15,2,FALSE
205,Forretress,Foretress,Bug,Insecte,Steel,Acier,465,75,90,140,60,60,40,2,FALSE
206,Dunsparce,Insolourdo,Normal,Normal,,NA,415,100,70,70,65,65,45,2,FALSE
207,Gligar,Scorplane,Ground,Sol,Flying,Vol,430,65,75,105,35,65,85,2,FALSE
208,Steelix,Steelix,Steel,Acier,Ground,Sol,510,75,85,200,55,65,30,2,FALSE
209,Snubbull,Snubbull,Fairy,Fée,,NA,300,60,80,50,40,40,30,2,FALSE
210,Granbull,Granbull,Fairy,Fée,,NA,450,90,120,75,60,60,45,2,FALSE
211,Qwilfish,Qwilfish,Water,Eau,Poison,Poison,430,65,95,75,55,55,85,2,FALSE
212,Scizor,Cizayox,Bug,Insecte,Steel,Acier,500,70,130,100,55,80,65,2,FALSE
213,Shuckle,Caratroc,Bug,Insecte,Rock,Roche,505,20,10,230,10,230,5,2,FALSE
214,Heracross,Scarhino,Bug,Insecte,Fighting,Combat,500,80,125,75,40,95,85,2,FALSE
215,Sneasel,Farfuret,Dark,Ténèbres,Ice,Glace,430,55,95,55,35,75,115,2,FALSE
216,Teddiursa,Teddiursa,Normal,Normal,,NA,330,60,80,50,50,50,40,2,FALSE
217,Ursaring,Ursaring,Normal,Normal,,NA,500,90,130,75,75,75,55,2,FALSE
218,Slugma,Limagma,Fire,Feu,,NA,250,40,40,40,70,40,20,2,FALSE
219,Magcargo,Volcaropod,Fire,Feu,Rock,Roche,410,50,50,120,80,80,30,2,FALSE
220,Swinub,Marcacrin,Ice,Glace,Ground,Sol,250,50,50,40,30,30,50,2,FALSE
221,Piloswine,Cochignon,Ice,Glace,Ground,Sol,450,100,100,80,60,60,50,2,FALSE
222,Corsola,Corayon,Water,Eau,Rock,Roche,380,55,55,85,65,85,35,2,FALSE
223,Remoraid,Rémoraid,Water,Eau,,NA,300,35,65,35,65,35,65,2,FALSE
224,Octillery,Octillery,Water,Eau,,NA,480,75,105,75,105,75,45,2,FALSE
225,Delibird,Cadoizo,Ice,Glace,Flying,Vol,330,45,55,45,65,45,75,2,FALSE
226,Mantine,Démanta,Water,Eau,Flying,Vol,465,65,40,70,80,140,70,2,FALSE
227,Skarmory,Airmure,Steel,Acier,Flying,Vol,465,65,80,140,40,70,70,2,FALSE
228,Houndour,Malosse,Dark,Ténèbres,Fire,Feu,330,45,60,30,80,50,65,2,FALSE
229,Houndoom,Démolosse,Dark,Ténèbres,Fire,Feu,500,75,90,50,110,80,95,2,FALSE
230,Kingdra,Hyporoi,Water,Eau,Dragon,Dragon,540,75,95,95,95,95,85,2,FALSE
231,Phanpy,Phanpy,Ground,Sol,,NA,330,90,60,60,40,40,40,2,FALSE
232,Donphan,Donphan,Ground,Sol,,NA,500,90,120,120,60,60,50,2,FALSE
233,Porygon2,Porygon2,Normal,Normal,,NA,515,85,80,90,105,95,60,2,FALSE
234,Stantler,Cerfrousse,Normal,Normal,,NA,465,73,95,62,85,65,85,2,FALSE
235,Smeargle,Queulorior,Normal,Normal,,NA,250,55,20,35,20,45,75,2,FALSE
236,Tyrogue,Debugant,Fighting,Combat,,NA,210,35,35,35,35,35,35,2,FALSE
237,Hitmontop,Kapoera,Fighting,Combat,,NA,455,50,95,95,35,110,70,2,FALSE
238,Smoochum,Lippouti,Ice,Glace,Psychic,Psy,305,45,30,15,85,65,65,2,FALSE
239,Elekid,Élekid,Electric,Électrik,,NA,360,45,63,37,65,55,95,2,FALSE
240,Magby,Magby,Fire,Feu,,NA,365,45,75,37,70,55,83,2,FALSE
241,Miltank,Écrémeuh,Normal,Normal,,NA,490,95,80,105,40,70,100,2,FALSE
242,Blissey,Leuphorie,Normal,Normal,,NA,540,255,10,10,75,135,55,2,FALSE
243,Raikou,Raikou,Electric,Électrik,,NA,580,90,85,75,115,100,115,2,TRUE
244,Entei,Entei,Fire,Feu,,NA,580,115,115,85,90,75,100,2,TRUE
245,Suicune,Suicune,Water,Eau,,NA,580,100,75,115,90,115,85,2,TRUE
246,Larvitar,Embrylex,Rock,Roche,Ground,Sol,300,50,64,50,45,50,41,2,FALSE
247,Pupitar,Ymphect,Rock,Roche,Ground,Sol,410,70,84,70,65,70,51,2,FALSE
248,Tyranitar,Tyranocif,Rock,Roche,Dark,Ténèbres,600,100,134,110,95,100,61,2,FALSE
249,Lugia,Lugia,Psychic,Psy,Flying,Vol,680,106,90,130,90,154,110,2,TRUE
250,Ho-oh,Ho-Oh,Fire,Feu,Flying,Vol,680,106,130,90,110,154,90,2,TRUE
251,Celebi,Celebi,Psychic,Psy,Grass,Plante,600,100,100,100,100,100,100,2,FALSE
252,Treecko,Arcko,Grass,Plante,,NA,310,40,45,35,65,55,70,3,FALSE
253,Grovyle,Massko,Grass,Plante,,NA,405,50,65,45,85,65,95,3,FALSE
254,Sceptile,Jungko,Grass,Plante,,NA,530,70,85,65,105,85,120,3,FALSE
255,Torchic,Poussifeu,Fire,Feu,,NA,310,45,60,40,70,50,45,3,FALSE
256,Combusken,Galifeu,Fire,Feu,Fighting,Combat,405,60,85,60,85,60,55,3,FALSE
257,Blaziken,Braségali,Fire,Feu,Fighting,Combat,530,80,120,70,110,70,80,3,FALSE
258,Mudkip,Gobou,Water,Eau,,NA,310,50,70,50,50,50,40,3,FALSE
259,Marshtomp,Flobio,Water,Eau,Ground,Sol,405,70,85,70,60,70,50,3,FALSE
260,Swampert,Laggron,Water,Eau,Ground,Sol,535,100,110,90,85,90,60,3,FALSE
261,Poochyena,Medhyèna,Dark,Ténèbres,,NA,220,35,55,35,30,30,35,3,FALSE
262,Mightyena,Grahyèna,Dark,Ténèbres,,NA,420,70,90,70,60,60,70,3,FALSE
263,Zigzagoon,Zigzaton,Normal,Normal,,NA,240,38,30,41,30,41,60,3,FALSE
264,Linoone,Linéon,Normal,Normal,,NA,420,78,70,61,50,61,100,3,FALSE
265,Wurmple,Chenipotte,Bug,Insecte,,NA,195,45,45,35,20,30,20,3,FALSE
266,Silcoon,Armulys,Bug,Insecte,,NA,205,50,35,55,25,25,15,3,FALSE
267,Beautifly,Charmillon,Bug,Insecte,Flying,Vol,395,60,70,50,100,50,65,3,FALSE
268,Cascoon,Blindalys,Bug,Insecte,,NA,205,50,35,55,25,25,15,3,FALSE
269,Dustox,Papinox,Bug,Insecte,Poison,Poison,385,60,50,70,50,90,65,3,FALSE
270,Lotad,Nénupiot,Water,Eau,Grass,Plante,220,40,30,30,40,50,30,3,FALSE
271,Lombre,Lombre,Water,Eau,Grass,Plante,340,60,50,50,60,70,50,3,FALSE
272,Ludicolo,Ludicolo,Water,Eau,Grass,Plante,480,80,70,70,90,100,70,3,FALSE
273,Seedot,Grainipiot,Grass,Plante,,NA,220,40,40,50,30,30,30,3,FALSE
274,Nuzleaf,Pifeuil,Grass,Plante,Dark,Ténèbres,340,70,70,40,60,40,60,3,FALSE
275,Shiftry,Tengalice,Grass,Plante,Dark,Ténèbres,480,90,100,60,90,60,80,3,FALSE
276,Taillow,Nirondelle,Normal,Normal,Flying,Vol,270,40,55,30,30,30,85,3,FALSE
277,Swellow,Hélédelle,Normal,Normal,Flying,Vol,430,60,85,60,50,50,125,3,FALSE
278,Wingull,Goélise,Water,Eau,Flying,Vol,270,40,30,30,55,30,85,3,FALSE
279,Pelipper,Bekipan,Water,Eau,Flying,Vol,430,60,50,100,85,70,65,3,FALSE
280,Ralts,Tarsal,Psychic,Psy,Fairy,Fée,198,28,25,25,45,35,40,3,FALSE
281,Kirlia,Kirlia,Psychic,Psy,Fairy,Fée,278,38,35,35,65,55,50,3,FALSE
282,Gardevoir,Gardevoir,Psychic,Psy,Fairy,Fée,518,68,65,65,125,115,80,3,FALSE
283,Surskit,Arakdo,Bug,Insecte,Water,Eau,269,40,30,32,50,52,65,3,FALSE
284,Masquerain,Maskadra,Bug,Insecte,Flying,Vol,414,70,60,62,80,82,60,3,FALSE
285,Shroomish,Balignon,Grass,Plante,,NA,295,60,40,60,40,60,35,3,FALSE
286,Breloom,Chapignon,Grass,Plante,Fighting,Combat,460,60,130,80,60,60,70,3,FALSE
287,Slakoth,Parecool,Normal,Normal,,NA,280,60,60,60,35,35,30,3,FALSE
288,Vigoroth,Vigoroth,Normal,Normal,,NA,440,80,80,80,55,55,90,3,FALSE
289,Slaking,Monaflèmit,Normal,Normal,,NA,670,150,160,100,95,65,100,3,FALSE
290,Nincada,Ningale,Bug,Insecte,Ground,Sol,266,31,45,90,30,30,40,3,FALSE
291,Ninjask,Ninjask,Bug,Insecte,Flying,Vol,456,61,90,45,50,50,160,3,FALSE
292,Shedinja,Munja,Bug,Insecte,Ghost,Spectre,236,1,90,45,30,30,40,3,FALSE
293,Whismur,Chuchmur,Normal,Normal,,NA,240,64,51,23,51,23,28,3,FALSE
294,Loudred,Ramboum,Normal,Normal,,NA,360,84,71,43,71,43,48,3,FALSE
295,Exploud,Brouhabam,Normal,Normal,,NA,490,104,91,63,91,73,68,3,FALSE
296,Makuhita,Makuhita,Fighting,Combat,,NA,237,72,60,30,20,30,25,3,FALSE
297,Hariyama,Hariyama,Fighting,Combat,,NA,474,144,120,60,40,60,50,3,FALSE
298,Azurill,Azurill,Normal,Normal,Fairy,Fée,190,50,20,40,20,40,20,3,FALSE
299,Nosepass,Tarinor,Rock,Roche,,NA,375,30,45,135,45,90,30,3,FALSE
300,Skitty,Skitty,Normal,Normal,,NA,260,50,45,45,35,35,50,3,FALSE
301,Delcatty,Delcatty,Normal,Normal,,NA,380,70,65,65,55,55,70,3,FALSE
302,Sableye,Ténéfix,Dark,Ténèbres,Ghost,Spectre,380,50,75,75,65,65,50,3,FALSE
303,Mawile,Mysdibule,Steel,Acier,Fairy,Fée,380,50,85,85,55,55,50,3,FALSE
304,Aron,Galekid,Steel,Acier,Rock,Roche,330,50,70,100,40,40,30,3,FALSE
305,Lairon,Galegon,Steel,Acier,Rock,Roche,430,60,90,140,50,50,40,3,FALSE
306,Aggron,Galeking,Steel,Acier,Rock,Roche,530,70,110,180,60,60,50,3,FALSE
307,Meditite,Méditikka,Fighting,Combat,Psychic,Psy,280,30,40,55,40,55,60,3,FALSE
308,Medicham,Charmina,Fighting,Combat,Psychic,Psy,410,60,60,75,60,75,80,3,FALSE
309,Electrike,Dynavolt,Electric,Électrik,,NA,295,40,45,40,65,40,65,3,FALSE
310,Manectric,Élecsprint,Electric,Électrik,,NA,475,70,75,60,105,60,105,3,FALSE
311,Plusle,Posipi,Electric,Électrik,,NA,405,60,50,40,85,75,95,3,FALSE
312,Minun,Négapi,Electric,Électrik,,NA,405,60,40,50,75,85,95,3,FALSE
313,Volbeat,Muciole,Bug,Insecte,,NA,400,65,73,55,47,75,85,3,FALSE
314,Illumise,Lumivole,Bug,Insecte,,NA,400,65,47,55,73,75,85,3,FALSE
315,Roselia,Rosélia,Grass,Plante,Poison,Poison,400,50,60,45,100,80,65,3,FALSE
316,Gulpin,Gloupti,Poison,Poison,,NA,302,70,43,53,43,53,40,3,FALSE
317,Swalot,Avaltout,Poison,Poison,,NA,467,100,73,83,73,83,55,3,FALSE
318,Carvanha,Carvanha,Water,Eau,Dark,Ténèbres,305,45,90,20,65,20,65,3,FALSE
319,Sharpedo,Sharpedo,Water,Eau,Dark,Ténèbres,460,70,120,40,95,40,95,3,FALSE
320,Wailmer,Wailmer,Water,Eau,,NA,400,130,70,35,70,35,60,3,FALSE
321,Wailord,Wailord,Water,Eau,,NA,500,170,90,45,90,45,60,3,FALSE
322,Numel,Chamallot,Fire,Feu,Ground,Sol,305,60,60,40,65,45,35,3,FALSE
323,Camerupt,Camérupt,Fire,Feu,Ground,Sol,460,70,100,70,105,75,40,3,FALSE
324,Torkoal,Chartor,Fire,Feu,,NA,470,70,85,140,85,70,20,3,FALSE
325,Spoink,Spoink,Psychic,Psy,,NA,330,60,25,35,70,80,60,3,FALSE
326,Grumpig,Groret,Psychic,Psy,,NA,470,80,45,65,90,110,80,3,FALSE
327,Spinda,Spinda,Normal,Normal,,NA,360,60,60,60,60,60,60,3,FALSE
328,Trapinch,Kraknoix,Ground,Sol,,NA,290,45,100,45,45,45,10,3,FALSE
329,Vibrava,Vibraninf,Ground,Sol,Dragon,Dragon,340,50,70,50,50,50,70,3,FALSE
330,Flygon,Libégon,Ground,Sol,Dragon,Dragon,520,80,100,80,80,80,100,3,FALSE
331,Cacnea,Cacnea,Grass,Plante,,NA,335,50,85,40,85,40,35,3,FALSE
332,Cacturne,Cacturne,Grass,Plante,Dark,Ténèbres,475,70,115,60,115,60,55,3,FALSE
333,Swablu,Tylton,Normal,Normal,Flying,Vol,310,45,40,60,40,75,50,3,FALSE
334,Altaria,Altaria,Dragon,Dragon,Flying,Vol,490,75,70,90,70,105,80,3,FALSE
335,Zangoose,Mangriff,Normal,Normal,,NA,458,73,115,60,60,60,90,3,FALSE
336,Seviper,Séviper,Poison,Poison,,NA,458,73,100,60,100,60,65,3,FALSE
337,Lunatone,Séléroc,Rock,Roche,Psychic,Psy,440,70,55,65,95,85,70,3,FALSE
338,Solrock,Solaroc,Rock,Roche,Psychic,Psy,440,70,95,85,55,65,70,3,FALSE
339,Barboach,Barloche,Water,Eau,Ground,Sol,288,50,48,43,46,41,60,3,FALSE
340,Whiscash,Barbicha,Water,Eau,Ground,Sol,468,110,78,73,76,71,60,3,FALSE
341,Corphish,Écrapince,Water,Eau,,NA,308,43,80,65,50,35,35,3,FALSE
342,Crawdaunt,Colhomard,Water,Eau,Dark,Ténèbres,468,63,120,85,90,55,55,3,FALSE
343,Baltoy,Balbuto,Ground,Sol,Psychic,Psy,300,40,40,55,40,70,55,3,FALSE
344,Claydol,Kaorine,Ground,Sol,Psychic,Psy,500,60,70,105,70,120,75,3,FALSE
345,Lileep,Lilia,Rock,Roche,Grass,Plante,355,66,41,77,61,87,23,3,FALSE
346,Cradily,Vacilys,Rock,Roche,Grass,Plante,495,86,81,97,81,107,43,3,FALSE
347,Anorith,Anorith,Rock,Roche,Bug,Insecte,355,45,95,50,40,50,75,3,FALSE
348,Armaldo,Armaldo,Rock,Roche,Bug,Insecte,495,75,125,100,70,80,45,3,FALSE
349,Feebas,Barpau,Water,Eau,,NA,200,20,15,20,10,55,80,3,FALSE
350,Milotic,Milobellus,Water,Eau,,NA,540,95,60,79,100,125,81,3,FALSE
351,Castform,Morphéo,Normal,Normal,,NA,420,70,70,70,70,70,70,3,FALSE
352,Kecleon,Kecleon,Normal,Normal,,NA,440,60,90,70,60,120,40,3,FALSE
353,Shuppet,Polichombr,Ghost,Spectre,,NA,295,44,75,35,63,33,45,3,FALSE
354,Banette,Branette,Ghost,Spectre,,NA,455,64,115,65,83,63,65,3,FALSE
355,Duskull,Skelénox,Ghost,Spectre,,NA,295,20,40,90,30,90,25,3,FALSE
356,Dusclops,Téraclope,Ghost,Spectre,,NA,455,40,70,130,60,130,25,3,FALSE
357,Tropius,Tropius,Grass,Plante,Flying,Vol,460,99,68,83,72,87,51,3,FALSE
358,Chimecho,Éoko,Psychic,Psy,,NA,425,65,50,70,95,80,65,3,FALSE
359,Absol,Absol,Dark,Ténèbres,,NA,465,65,130,60,75,60,75,3,FALSE
360,Wynaut,Okéoké,Psychic,Psy,,NA,260,95,23,48,23,48,23,3,FALSE
361,Snorunt,Stalgamin,Ice,Glace,,NA,300,50,50,50,50,50,50,3,FALSE
362,Glalie,Oniglali,Ice,Glace,,NA,480,80,80,80,80,80,80,3,FALSE
363,Spheal,Obalie,Ice,Glace,Water,Eau,290,70,40,50,55,50,25,3,FALSE
364,Sealeo,Phogleur,Ice,Glace,Water,Eau,410,90,60,70,75,70,45,3,FALSE
365,Walrein,Kaimorse,Ice,Glace,Water,Eau,530,110,80,90,95,90,65,3,FALSE
366,Clamperl,Coquiperl,Water,Eau,,NA,345,35,64,85,74,55,32,3,FALSE
367,Huntail,Serpang,Water,Eau,,NA,485,55,104,105,94,75,52,3,FALSE
368,Gorebyss,Rosabyss,Water,Eau,,NA,485,55,84,105,114,75,52,3,FALSE
369,Relicanth,Relicanth,Water,Eau,Rock,Roche,485,100,90,130,45,65,55,3,FALSE
370,Luvdisc,Lovdisc,Water,Eau,,NA,330,43,30,55,40,65,97,3,FALSE
371,Bagon,Draby,Dragon,Dragon,,NA,300,45,75,60,40,30,50,3,FALSE
372,Shelgon,Drackhaus,Dragon,Dragon,,NA,420,65,95,100,60,50,50,3,FALSE
373,Salamence,Drattak,Dragon,Dragon,Flying,Vol,600,95,135,80,110,80,100,3,FALSE
374,Beldum,Terhal,Steel,Acier,Psychic,Psy,300,40,55,80,35,60,30,3,FALSE
375,Metang,Métang,Steel,Acier,Psychic,Psy,420,60,75,100,55,80,50,3,FALSE
376,Metagross,Métalosse,Steel,Acier,Psychic,Psy,600,80,135,130,95,90,70,3,FALSE
377,Regirock,Regirock,Rock,Roche,,NA,580,80,100,200,50,100,50,3,TRUE
378,Regice,Regice,Ice,Glace,,NA,580,80,50,100,100,200,50,3,TRUE
379,Registeel,Registeel,Steel,Acier,,NA,580,80,75,150,75,150,50,3,TRUE
380,Latias,Latias,Dragon,Dragon,Psychic,Psy,600,80,80,90,110,130,110,3,TRUE
381,Latios,Latios,Dragon,Dragon,Psychic,Psy,600,80,90,80,130,110,110,3,TRUE
382,Kyogre,Kyogre,Water,Eau,,NA,670,100,100,90,150,140,90,3,TRUE
383,Groudon,Groudon,Ground,Sol,,NA,670,100,150,140,100,90,90,3,TRUE
384,Rayquaza,Rayquaza,Dragon,Dragon,Flying,Vol,680,105,150,90,150,90,95,3,TRUE
385,Jirachi,Jirachi,Steel,Acier,Psychic,Psy,600,100,100,100,100,100,100,3,TRUE
386,DeoxysNormal Forme,Deoxys,Psychic,Psy,,NA,600,50,150,50,150,50,150,3,TRUE
387,Turtwig,Tortipouss,Grass,Plante,,NA,318,55,68,64,45,55,31,4,FALSE
388,Grotle,Boskara,Grass,Plante,,NA,405,75,89,85,55,65,36,4,FALSE
389,Torterra,Torterra,Grass,Plante,Ground,Sol,525,95,109,105,75,85,56,4,FALSE
390,Chimchar,Ouisticram,Fire,Feu,,NA,309,44,58,44,58,44,61,4,FALSE
391,Monferno,Chimpenfeu,Fire,Feu,Fighting,Combat,405,64,78,52,78,52,81,4,FALSE
392,Infernape,Simiabraz,Fire,Feu,Fighting,Combat,534,76,104,71,104,71,108,4,FALSE
393,Piplup,Tiplouf,Water,Eau,,NA,314,53,51,53,61,56,40,4,FALSE
394,Prinplup,Prinplouf,Water,Eau,,NA,405,64,66,68,81,76,50,4,FALSE
395,Empoleon,Pingoléon,Water,Eau,Steel,Acier,530,84,86,88,111,101,60,4,FALSE
396,Starly,Étourmi,Normal,Normal,Flying,Vol,245,40,55,30,30,30,60,4,FALSE
397,Staravia,Étourvol,Normal,Normal,Flying,Vol,340,55,75,50,40,40,80,4,FALSE
398,Staraptor,Étouraptor,Normal,Normal,Flying,Vol,485,85,120,70,50,60,100,4,FALSE
399,Bidoof,Keunotor,Normal,Normal,,NA,250,59,45,40,35,40,31,4,FALSE
400,Bibarel,Castorno,Normal,Normal,Water,Eau,410,79,85,60,55,60,71,4,FALSE
401,Kricketot,Crikzik,Bug,Insecte,,NA,194,37,25,41,25,41,25,4,FALSE
402,Kricketune,Mélokrik,Bug,Insecte,,NA,384,77,85,51,55,51,65,4,FALSE
403,Shinx,Lixy,Electric,Électrik,,NA,263,45,65,34,40,34,45,4,FALSE
404,Luxio,Luxio,Electric,Électrik,,NA,363,60,85,49,60,49,60,4,FALSE
405,Luxray,Luxray,Electric,Électrik,,NA,523,80,120,79,95,79,70,4,FALSE
406,Budew,Rozbouton,Grass,Plante,Poison,Poison,280,40,30,35,50,70,55,4,FALSE
407,Roserade,Roserade,Grass,Plante,Poison,Poison,515,60,70,65,125,105,90,4,FALSE
408,Cranidos,Kranidos,Rock,Roche,,NA,350,67,125,40,30,30,58,4,FALSE
409,Rampardos,Charkos,Rock,Roche,,NA,495,97,165,60,65,50,58,4,FALSE
410,Shieldon,Dinoclier,Rock,Roche,Steel,Acier,350,30,42,118,42,88,30,4,FALSE
411,Bastiodon,Bastiodon,Rock,Roche,Steel,Acier,495,60,52,168,47,138,30,4,FALSE
412,Burmy,Cheniti,Bug,Insecte,,NA,224,40,29,45,29,45,36,4,FALSE
413,WormadamPlant Cloak,Cheniselle,Bug,Insecte,Grass,Plante,424,60,59,85,79,105,36,4,FALSE
414,Mothim,Papilord,Bug,Insecte,Flying,Vol,424,70,94,50,94,50,66,4,FALSE
415,Combee,Apitrini,Bug,Insecte,Flying,Vol,244,30,30,42,30,42,70,4,FALSE
416,Vespiquen,Apireine,Bug,Insecte,Flying,Vol,474,70,80,102,80,102,40,4,FALSE
417,Pachirisu,Pachirisu,Electric,Électrik,,NA,405,60,45,70,45,90,95,4,FALSE
418,Buizel,Mustébouée,Water,Eau,,NA,330,55,65,35,60,30,85,4,FALSE
419,Floatzel,Mustéflott,Water,Eau,,NA,495,85,105,55,85,50,115,4,FALSE
420,Cherubi,Ceribou,Grass,Plante,,NA,275,45,35,45,62,53,35,4,FALSE
421,Cherrim,Ceriflor,Grass,Plante,,NA,450,70,60,70,87,78,85,4,FALSE
422,Shellos,Sancoki,Water,Eau,,NA,325,76,48,48,57,62,34,4,FALSE
423,Gastrodon,Tritosor,Water,Eau,Ground,Sol,475,111,83,68,92,82,39,4,FALSE
424,Ambipom,Capidextre,Normal,Normal,,NA,482,75,100,66,60,66,115,4,FALSE
425,Drifloon,Baudrive,Ghost,Spectre,Flying,Vol,348,90,50,34,60,44,70,4,FALSE
426,Drifblim,Grodrive,Ghost,Spectre,Flying,Vol,498,150,80,44,90,54,80,4,FALSE
427,Buneary,Laporeille,Normal,Normal,,NA,350,55,66,44,44,56,85,4,FALSE
428,Lopunny,Lockpin,Normal,Normal,,NA,480,65,76,84,54,96,105,4,FALSE
429,Mismagius,Magirêve,Ghost,Spectre,,NA,495,60,60,60,105,105,105,4,FALSE
430,Honchkrow,Corboss,Dark,Ténèbres,Flying,Vol,505,100,125,52,105,52,71,4,FALSE
431,Glameow,Chaglam,Normal,Normal,,NA,310,49,55,42,42,37,85,4,FALSE
432,Purugly,Chaffreux,Normal,Normal,,NA,452,71,82,64,64,59,112,4,FALSE
433,Chingling,Korillon,Psychic,Psy,,NA,285,45,30,50,65,50,45,4,FALSE
434,Stunky,Moufouette,Poison,Poison,Dark,Ténèbres,329,63,63,47,41,41,74,4,FALSE
435,Skuntank,Moufflair,Poison,Poison,Dark,Ténèbres,479,103,93,67,71,61,84,4,FALSE
436,Bronzor,Archéomire,Steel,Acier,Psychic,Psy,300,57,24,86,24,86,23,4,FALSE
437,Bronzong,Archéodong,Steel,Acier,Psychic,Psy,500,67,89,116,79,116,33,4,FALSE
438,Bonsly,Manzaï,Rock,Roche,,NA,290,50,80,95,10,45,10,4,FALSE
439,Mime Jr.,Mime Jr.,Psychic,Psy,Fairy,Fée,310,20,25,45,70,90,60,4,FALSE
440,Happiny,Ptiravi,Normal,Normal,,NA,220,100,5,5,15,65,30,4,FALSE
441,Chatot,Pijako,Normal,Normal,Flying,Vol,411,76,65,45,92,42,91,4,FALSE
442,Spiritomb,Spiritomb,Ghost,Spectre,Dark,Ténèbres,485,50,92,108,92,108,35,4,FALSE
443,Gible,Griknot,Dragon,Dragon,Ground,Sol,300,58,70,45,40,45,42,4,FALSE
444,Gabite,Carmache,Dragon,Dragon,Ground,Sol,410,68,90,65,50,55,82,4,FALSE
445,Garchomp,Carchacrok,Dragon,Dragon,Ground,Sol,600,108,130,95,80,85,102,4,FALSE
446,Munchlax,Goinfrex,Normal,Normal,,NA,390,135,85,40,40,85,5,4,FALSE
447,Riolu,Riolu,Fighting,Combat,,NA,285,40,70,40,35,40,60,4,FALSE
448,Lucario,Lucario,Fighting,Combat,Steel,Acier,525,70,110,70,115,70,90,4,FALSE
449,Hippopotas,Hippopotas,Ground,Sol,,NA,330,68,72,78,38,42,32,4,FALSE
450,Hippowdon,Hippodocus,Ground,Sol,,NA,525,108,112,118,68,72,47,4,FALSE
451,Skorupi,Rapion,Poison,Poison,Bug,Insecte,330,40,50,90,30,55,65,4,FALSE
452,Drapion,Drascore,Poison,Poison,Dark,Ténèbres,500,70,90,110,60,75,95,4,FALSE
453,Croagunk,Cradopaud,Poison,Poison,Fighting,Combat,300,48,61,40,61,40,50,4,FALSE
454,Toxicroak,Coatox,Poison,Poison,Fighting,Combat,490,83,106,65,86,65,85,4,FALSE
455,Carnivine,Vortente,Grass,Plante,,NA,454,74,100,72,90,72,46,4,FALSE
456,Finneon,Écayon,Water,Eau,,NA,330,49,49,56,49,61,66,4,FALSE
457,Lumineon,Luminéon,Water,Eau,,NA,460,69,69,76,69,86,91,4,FALSE
458,Mantyke,Babimanta,Water,Eau,Flying,Vol,345,45,20,50,60,120,50,4,FALSE
459,Snover,Blizzi,Grass,Plante,Ice,Glace,334,60,62,50,62,60,40,4,FALSE
460,Abomasnow,Blizzaroi,Grass,Plante,Ice,Glace,494,90,92,75,92,85,60,4,FALSE
461,Weavile,Dimoret,Dark,Ténèbres,Ice,Glace,510,70,120,65,45,85,125,4,FALSE
462,Magnezone,Magnézone,Electric,Électrik,Steel,Acier,535,70,70,115,130,90,60,4,FALSE
463,Lickilicky,Coudlangue,Normal,Normal,,NA,515,110,85,95,80,95,50,4,FALSE
464,Rhyperior,Rhinastoc,Ground,Sol,Rock,Roche,535,115,140,130,55,55,40,4,FALSE
465,Tangrowth,Bouldeneu,Grass,Plante,,NA,535,100,100,125,110,50,50,4,FALSE
466,Electivire,Élekable,Electric,Électrik,,NA,540,75,123,67,95,85,95,4,FALSE
467,Magmortar,Maganon,Fire,Feu,,NA,540,75,95,67,125,95,83,4,FALSE
468,Togekiss,Togekiss,Fairy,Fée,Flying,Vol,545,85,50,95,120,115,80,4,FALSE
469,Yanmega,Yanmega,Bug,Insecte,Flying,Vol,515,86,76,86,116,56,95,4,FALSE
470,Leafeon,Phyllali,Grass,Plante,,NA,525,65,110,130,60,65,95,4,FALSE
471,Glaceon,Givrali,Ice,Glace,,NA,525,65,60,110,130,95,65,4,FALSE
472,Gliscor,Scorvol,Ground,Sol,Flying,Vol,510,75,95,125,45,75,95,4,FALSE
473,Mamoswine,Mammochon,Ice,Glace,Ground,Sol,530,110,130,80,70,60,80,4,FALSE
474,Porygon-Z,Porygon-Z,Normal,Normal,,NA,535,85,80,70,135,75,90,4,FALSE
475,Gallade,Gallame,Psychic,Psy,Fighting,Combat,518,68,125,65,65,115,80,4,FALSE
476,Probopass,Tarinorme,Rock,Roche,Steel,Acier,525,60,55,145,75,150,40,4,FALSE
477,Dusknoir,Noctunoir,Ghost,Spectre,,NA,525,45,100,135,65,135,45,4,FALSE
478,Froslass,Momartik,Ice,Glace,Ghost,Spectre,480,70,80,70,80,70,110,4,FALSE
479,Rotom,Motisma,Electric,Électrik,Ghost,Spectre,440,50,50,77,95,77,91,4,FALSE
480,Uxie,Créhelf,Psychic,Psy,,NA,580,75,75,130,75,130,95,4,TRUE
481,Mesprit,Créfollet,Psychic,Psy,,NA,580,80,105,105,105,105,80,4,TRUE
482,Azelf,Créfadet,Psychic,Psy,,NA,580,75,125,70,125,70,115,4,TRUE
483,Dialga,Dialga,Steel,Acier,Dragon,Dragon,680,100,120,120,150,100,90,4,TRUE
484,Palkia,Palkia,Water,Eau,Dragon,Dragon,680,90,120,100,150,120,100,4,TRUE
485,Heatran,Heatran,Fire,Feu,Steel,Acier,600,91,90,106,130,106,77,4,TRUE
486,Regigigas,Regigigas,Normal,Normal,,NA,670,110,160,110,80,110,100,4,TRUE
487,GiratinaAltered Forme,Giratina,Ghost,Spectre,Dragon,Dragon,680,150,100,120,100,120,90,4,TRUE
488,Cresselia,Cresselia,Psychic,Psy,,NA,600,120,70,120,75,130,85,4,FALSE
489,Phione,Phione,Water,Eau,,NA,480,80,80,80,80,80,80,4,FALSE
490,Manaphy,Manaphy,Water,Eau,,NA,600,100,100,100,100,100,100,4,FALSE
491,Darkrai,Darkrai,Dark,Ténèbres,,NA,600,70,90,90,135,90,125,4,TRUE
492,ShayminLand Forme,Shaymin,Grass,Plante,,NA,600,100,100,100,100,100,100,4,TRUE
493,Arceus,Arceus,Normal,Normal,,NA,720,120,120,120,120,120,120,4,TRUE
494,Victini,Victini,Psychic,Psy,Fire,Feu,600,100,100,100,100,100,100,5,TRUE
495,Snivy,Vipélierre,Grass,Plante,,NA,308,45,45,55,45,55,63,5,FALSE
496,Servine,Lianaja,Grass,Plante,,NA,413,60,60,75,60,75,83,5,FALSE
497,Serperior,Majaspic,Grass,Plante,,NA,528,75,75,95,75,95,113,5,FALSE
498,Tepig,Gruikui,Fire,Feu,,NA,308,65,63,45,45,45,45,5,FALSE
499,Pignite,Grotichon,Fire,Feu,Fighting,Combat,418,90,93,55,70,55,55,5,FALSE
500,Emboar,Roitiflam,Fire,Feu,Fighting,Combat,528,110,123,65,100,65,65,5,FALSE
501,Oshawott,Moustillon,Water,Eau,,NA,308,55,55,45,63,45,45,5,FALSE
502,Dewott,Mateloutre,Water,Eau,,NA,413,75,75,60,83,60,60,5,FALSE
503,Samurott,Clamiral,Water,Eau,,NA,528,95,100,85,108,70,70,5,FALSE
504,Patrat,Ratentif,Normal,Normal,,NA,255,45,55,39,35,39,42,5,FALSE
505,Watchog,Miradar,Normal,Normal,,NA,420,60,85,69,60,69,77,5,FALSE
506,Lillipup,Ponchiot,Normal,Normal,,NA,275,45,60,45,25,45,55,5,FALSE
507,Herdier,Ponchien,Normal,Normal,,NA,370,65,80,65,35,65,60,5,FALSE
508,Stoutland,Mastouffe,Normal,Normal,,NA,500,85,110,90,45,90,80,5,FALSE
509,Purrloin,Chacripan,Dark,Ténèbres,,NA,281,41,50,37,50,37,66,5,FALSE
510,Liepard,Léopardus,Dark,Ténèbres,,NA,446,64,88,50,88,50,106,5,FALSE
511,Pansage,Feuillajou,Grass,Plante,,NA,316,50,53,48,53,48,64,5,FALSE
512,Simisage,Feuiloutan,Grass,Plante,,NA,498,75,98,63,98,63,101,5,FALSE
513,Pansear,Flamajou,Fire,Feu,,NA,316,50,53,48,53,48,64,5,FALSE
514,Simisear,Flamoutan,Fire,Feu,,NA,498,75,98,63,98,63,101,5,FALSE
515,Panpour,Flotajou,Water,Eau,,NA,316,50,53,48,53,48,64,5,FALSE
516,Simipour,Flotoutan,Water,Eau,,NA,498,75,98,63,98,63,101,5,FALSE
517,Munna,Munna,Psychic,Psy,,NA,292,76,25,45,67,55,24,5,FALSE
518,Musharna,Mushana,Psychic,Psy,,NA,487,116,55,85,107,95,29,5,FALSE
519,Pidove,Poichigeon,Normal,Normal,Flying,Vol,264,50,55,50,36,30,43,5,FALSE
520,Tranquill,Colombeau,Normal,Normal,Flying,Vol,358,62,77,62,50,42,65,5,FALSE
521,Unfezant,Déflaisan,Normal,Normal,Flying,Vol,488,80,115,80,65,55,93,5,FALSE
522,Blitzle,Zébibron,Electric,Électrik,,NA,295,45,60,32,50,32,76,5,FALSE
523,Zebstrika,Zéblitz,Electric,Électrik,,NA,497,75,100,63,80,63,116,5,FALSE
524,Roggenrola,Nodulithe,Rock,Roche,,NA,280,55,75,85,25,25,15,5,FALSE
525,Boldore,Géolithe,Rock,Roche,,NA,390,70,105,105,50,40,20,5,FALSE
526,Gigalith,Gigalithe,Rock,Roche,,NA,515,85,135,130,60,80,25,5,FALSE
527,Woobat,Chovsourir,Psychic,Psy,Flying,Vol,313,55,45,43,55,43,72,5,FALSE
528,Swoobat,Rhinolove,Psychic,Psy,Flying,Vol,425,67,57,55,77,55,114,5,FALSE
529,Drilbur,Rototaupe,Ground,Sol,,NA,328,60,85,40,30,45,68,5,FALSE
530,Excadrill,Minotaupe,Ground,Sol,Steel,Acier,508,110,135,60,50,65,88,5,FALSE
531,Audino,Nanméouïe,Normal,Normal,,NA,445,103,60,86,60,86,50,5,FALSE
532,Timburr,Charpenti,Fighting,Combat,,NA,305,75,80,55,25,35,35,5,FALSE
533,Gurdurr,Ouvrifier,Fighting,Combat,,NA,405,85,105,85,40,50,40,5,FALSE
534,Conkeldurr,Bétochef,Fighting,Combat,,NA,505,105,140,95,55,65,45,5,FALSE
535,Tympole,Tritonde,Water,Eau,,NA,294,50,50,40,50,40,64,5,FALSE
536,Palpitoad,Batracné,Water,Eau,Ground,Sol,384,75,65,55,65,55,69,5,FALSE
537,Seismitoad,Crapustule,Water,Eau,Ground,Sol,509,105,95,75,85,75,74,5,FALSE
538,Throh,Judokrak,Fighting,Combat,,NA,465,120,100,85,30,85,45,5,FALSE
539,Sawk,Karaclée,Fighting,Combat,,NA,465,75,125,75,30,75,85,5,FALSE
540,Sewaddle,Larveyette,Bug,Insecte,Grass,Plante,310,45,53,70,40,60,42,5,FALSE
541,Swadloon,Couverdure,Bug,Insecte,Grass,Plante,380,55,63,90,50,80,42,5,FALSE
542,Leavanny,Manternel,Bug,Insecte,Grass,Plante,500,75,103,80,70,80,92,5,FALSE
543,Venipede,Venipatte,Bug,Insecte,Poison,Poison,260,30,45,59,30,39,57,5,FALSE
544,Whirlipede,Scobolide,Bug,Insecte,Poison,Poison,360,40,55,99,40,79,47,5,FALSE
545,Scolipede,Brutapode,Bug,Insecte,Poison,Poison,485,60,100,89,55,69,112,5,FALSE
546,Cottonee,Doudouvet,Grass,Plante,Fairy,Fée,280,40,27,60,37,50,66,5,FALSE
547,Whimsicott,Farfaduvet,Grass,Plante,Fairy,Fée,480,60,67,85,77,75,116,5,FALSE
548,Petilil,Chlorobule,Grass,Plante,,NA,280,45,35,50,70,50,30,5,FALSE
549,Lilligant,Fragilady,Grass,Plante,,NA,480,70,60,75,110,75,90,5,FALSE
550,Basculin,Bargantua,Water,Eau,,NA,460,70,92,65,80,55,98,5,FALSE
551,Sandile,Mascaïman,Ground,Sol,Dark,Ténèbres,292,50,72,35,35,35,65,5,FALSE
552,Krokorok,Escroco,Ground,Sol,Dark,Ténèbres,351,60,82,45,45,45,74,5,FALSE
553,Krookodile,Crocorible,Ground,Sol,Dark,Ténèbres,519,95,117,80,65,70,92,5,FALSE
554,Darumaka,Darumarond,Fire,Feu,,NA,315,70,90,45,15,45,50,5,FALSE
555,DarmanitanStandard Mode,DarmanitanStandard Mode,Fire,Feu,,NA,480,105,140,55,30,55,95,5,FALSE
556,Maractus,Maracachi,Grass,Plante,,NA,461,75,86,67,106,67,60,5,FALSE
557,Dwebble,Crabicoque,Bug,Insecte,Rock,Roche,325,50,65,85,35,35,55,5,FALSE
558,Crustle,Crabaraque,Bug,Insecte,Rock,Roche,475,70,95,125,65,75,45,5,FALSE
559,Scraggy,Baggiguane,Dark,Ténèbres,Fighting,Combat,348,50,75,70,35,70,48,5,FALSE
560,Scrafty,Baggaïd,Dark,Ténèbres,Fighting,Combat,488,65,90,115,45,115,58,5,FALSE
561,Sigilyph,Cryptéro,Psychic,Psy,Flying,Vol,490,72,58,80,103,80,97,5,FALSE
562,Yamask,Tutafeh,Ghost,Spectre,,NA,303,38,30,85,55,65,30,5,FALSE
563,Cofagrigus,Tutankafer,Ghost,Spectre,,NA,483,58,50,145,95,105,30,5,FALSE
564,Tirtouga,Carapagos,Water,Eau,Rock,Roche,355,54,78,103,53,45,22,5,FALSE
565,Carracosta,Mégapagos,Water,Eau,Rock,Roche,495,74,108,133,83,65,32,5,FALSE
566,Archen,Arkéapti,Rock,Roche,Flying,Vol,401,55,112,45,74,45,70,5,FALSE
567,Archeops,Aéroptéryx,Rock,Roche,Flying,Vol,567,75,140,65,112,65,110,5,FALSE
568,Trubbish,Miamiasme,Poison,Poison,,NA,329,50,50,62,40,62,65,5,FALSE
569,Garbodor,Miasmax,Poison,Poison,,NA,474,80,95,82,60,82,75,5,FALSE
570,Zorua,Zorua,Dark,Ténèbres,,NA,330,40,65,40,80,40,65,5,FALSE
571,Zoroark,Zoroark,Dark,Ténèbres,,NA,510,60,105,60,120,60,105,5,FALSE
572,Minccino,Chinchidou,Normal,Normal,,NA,300,55,50,40,40,40,75,5,FALSE
573,Cinccino,Pashmilla,Normal,Normal,,NA,470,75,95,60,65,60,115,5,FALSE
574,Gothita,Scrutella,Psychic,Psy,,NA,290,45,30,50,55,65,45,5,FALSE
575,Gothorita,Mesmérella,Psychic,Psy,,NA,390,60,45,70,75,85,55,5,FALSE
576,Gothitelle,Sidérella,Psychic,Psy,,NA,490,70,55,95,95,110,65,5,FALSE
577,Solosis,Nucléos,Psychic,Psy,,NA,290,45,30,40,105,50,20,5,FALSE
578,Duosion,Méios,Psychic,Psy,,NA,370,65,40,50,125,60,30,5,FALSE
579,Reuniclus,Symbios,Psychic,Psy,,NA,490,110,65,75,125,85,30,5,FALSE
580,Ducklett,Couaneton,Water,Eau,Flying,Vol,305,62,44,50,44,50,55,5,FALSE
581,Swanna,Lakmécygne,Water,Eau,Flying,Vol,473,75,87,63,87,63,98,5,FALSE
582,Vanillite,Sorbébé,Ice,Glace,,NA,305,36,50,50,65,60,44,5,FALSE
583,Vanillish,Sorboul,Ice,Glace,,NA,395,51,65,65,80,75,59,5,FALSE
584,Vanilluxe,Sorbouboul,Ice,Glace,,NA,535,71,95,85,110,95,79,5,FALSE
585,Deerling,Vivaldaim,Normal,Normal,Grass,Plante,335,60,60,50,40,50,75,5,FALSE
586,Sawsbuck,Haydaim,Normal,Normal,Grass,Plante,475,80,100,70,60,70,95,5,FALSE
587,Emolga,Emolga,Electric,Électrik,Flying,Vol,428,55,75,60,75,60,103,5,FALSE
588,Karrablast,Carabing,Bug,Insecte,,NA,315,50,75,45,40,45,60,5,FALSE
589,Escavalier,Lançargot,Bug,Insecte,Steel,Acier,495,70,135,105,60,105,20,5,FALSE
590,Foongus,Trompignon,Grass,Plante,Poison,Poison,294,69,55,45,55,55,15,5,FALSE
591,Amoonguss,Gaulet,Grass,Plante,Poison,Poison,464,114,85,70,85,80,30,5,FALSE
592,Frillish,Viskuse,Water,Eau,Ghost,Spectre,335,55,40,50,65,85,40,5,FALSE
593,Jellicent,Moyade,Water,Eau,Ghost,Spectre,480,100,60,70,85,105,60,5,FALSE
594,Alomomola,Mamanbo,Water,Eau,,NA,470,165,75,80,40,45,65,5,FALSE
595,Joltik,Statitik,Bug,Insecte,Electric,Électrik,319,50,47,50,57,50,65,5,FALSE
596,Galvantula,Mygavolt,Bug,Insecte,Electric,Électrik,472,70,77,60,97,60,108,5,FALSE
597,Ferroseed,Grindur,Grass,Plante,Steel,Acier,305,44,50,91,24,86,10,5,FALSE
598,Ferrothorn,Noacier,Grass,Plante,Steel,Acier,489,74,94,131,54,116,20,5,FALSE
599,Klink,Tic,Steel,Acier,,NA,300,40,55,70,45,60,30,5,FALSE
600,Klang,Clic,Steel,Acier,,NA,440,60,80,95,70,85,50,5,FALSE
601,Klinklang,Cliticlic,Steel,Acier,,NA,520,60,100,115,70,85,90,5,FALSE
602,Tynamo,Anchwatt,Electric,Électrik,,NA,275,35,55,40,45,40,60,5,FALSE
603,Eelektrik,Lampéroie,Electric,Électrik,,NA,405,65,85,70,75,70,40,5,FALSE
604,Eelektross,Ohmassacre,Electric,Électrik,,NA,515,85,115,80,105,80,50,5,FALSE
605,Elgyem,Lewsor,Psychic,Psy,,NA,335,55,55,55,85,55,30,5,FALSE
606,Beheeyem,Neitram,Psychic,Psy,,NA,485,75,75,75,125,95,40,5,FALSE
607,Litwick,Funécire,Ghost,Spectre,Fire,Feu,275,50,30,55,65,55,20,5,FALSE
608,Lampent,Mélancolux,Ghost,Spectre,Fire,Feu,370,60,40,60,95,60,55,5,FALSE
609,Chandelure,Lugulabre,Ghost,Spectre,Fire,Feu,520,60,55,90,145,90,80,5,FALSE
610,Axew,Coupenotte,Dragon,Dragon,,NA,320,46,87,60,30,40,57,5,FALSE
611,Fraxure,Incisache,Dragon,Dragon,,NA,410,66,117,70,40,50,67,5,FALSE
612,Haxorus,Tranchodon,Dragon,Dragon,,NA,540,76,147,90,60,70,97,5,FALSE
613,Cubchoo,Polarhume,Ice,Glace,,NA,305,55,70,40,60,40,40,5,FALSE
614,Beartic,Polagriffe,Ice,Glace,,NA,485,95,110,80,70,80,50,5,FALSE
615,Cryogonal,Hexagel,Ice,Glace,,NA,485,70,50,30,95,135,105,5,FALSE
616,Shelmet,Escargaume,Bug,Insecte,,NA,305,50,40,85,40,65,25,5,FALSE
617,Accelgor,Limaspeed,Bug,Insecte,,NA,495,80,70,40,100,60,145,5,FALSE
618,Stunfisk,Limonde,Ground,Sol,Electric,Électrik,471,109,66,84,81,99,32,5,FALSE
619,Mienfoo,Kungfouine,Fighting,Combat,,NA,350,45,85,50,55,50,65,5,FALSE
620,Mienshao,Shaofouine,Fighting,Combat,,NA,510,65,125,60,95,60,105,5,FALSE
621,Druddigon,Drakkarmin,Dragon,Dragon,,NA,485,77,120,90,60,90,48,5,FALSE
622,Golett,Gringolem,Ground,Sol,Ghost,Spectre,303,59,74,50,35,50,35,5,FALSE
623,Golurk,Golemastoc,Ground,Sol,Ghost,Spectre,483,89,124,80,55,80,55,5,FALSE
624,Pawniard,Scalpion,Dark,Ténèbres,Steel,Acier,340,45,85,70,40,40,60,5,FALSE
625,Bisharp,Scalproie,Dark,Ténèbres,Steel,Acier,490,65,125,100,60,70,70,5,FALSE
626,Bouffalant,Frison,Normal,Normal,,NA,490,95,110,95,40,95,55,5,FALSE
627,Rufflet,Furaiglon,Normal,Normal,Flying,Vol,350,70,83,50,37,50,60,5,FALSE
628,Braviary,Gueriaigle,Normal,Normal,Flying,Vol,510,100,123,75,57,75,80,5,FALSE
629,Vullaby,Vostourno,Dark,Ténèbres,Flying,Vol,370,70,55,75,45,65,60,5,FALSE
630,Mandibuzz,Vaututrice,Dark,Ténèbres,Flying,Vol,510,110,65,105,55,95,80,5,FALSE
631,Heatmor,Aflamanoir,Fire,Feu,,NA,484,85,97,66,105,66,65,5,FALSE
632,Durant,Fermite,Bug,Insecte,Steel,Acier,484,58,109,112,48,48,109,5,FALSE
633,Deino,Solochi,Dark,Ténèbres,Dragon,Dragon,300,52,65,50,45,50,38,5,FALSE
634,Zweilous,Diamat,Dark,Ténèbres,Dragon,Dragon,420,72,85,70,65,70,58,5,FALSE
635,Hydreigon,Trioxhydre,Dark,Ténèbres,Dragon,Dragon,600,92,105,90,125,90,98,5,FALSE
636,Larvesta,Pyronille,Bug,Insecte,Fire,Feu,360,55,85,55,50,55,60,5,FALSE
637,Volcarona,Pyrax,Bug,Insecte,Fire,Feu,550,85,60,65,135,105,100,5,FALSE
638,Cobalion,Cobaltium,Steel,Acier,Fighting,Combat,580,91,90,129,90,72,108,5,TRUE
639,Terrakion,Terrakium,Rock,Roche,Fighting,Combat,580,91,129,90,72,90,108,5,TRUE
640,Virizion,Viridium,Grass,Plante,Fighting,Combat,580,91,90,72,90,129,108,5,TRUE
641,TornadusIncarnate Forme,Boréas,Flying,Vol,,NA,580,79,115,70,125,80,111,5,TRUE
642,ThundurusIncarnate Forme,Fulguris,Electric,Électrik,Flying,Vol,580,79,115,70,125,80,111,5,TRUE
643,Reshiram,Reshiram,Dragon,Dragon,Fire,Feu,680,100,120,100,150,120,90,5,TRUE
644,Zekrom,Zekrom,Dragon,Dragon,Electric,Électrik,680,100,150,120,120,100,90,5,TRUE
645,LandorusIncarnate Forme,Démétéros,Ground,Sol,Flying,Vol,600,89,125,90,115,80,101,5,TRUE
646,Kyurem,Kyurem,Dragon,Dragon,Ice,Glace,660,125,130,90,130,90,95,5,TRUE
647,KeldeoOrdinary Forme,Keldeo,Water,Eau,Fighting,Combat,580,91,72,90,129,90,108,5,FALSE
648,MeloettaAria Forme,Meloetta,Normal,Normal,Psychic,Psy,600,100,77,77,128,128,90,5,FALSE
649,Genesect,Genesect,Bug,Insecte,Steel,Acier,600,71,120,95,120,95,99,5,FALSE
650,Chespin,Marisson,Grass,Plante,,NA,313,56,61,65,48,45,38,6,FALSE
651,Quilladin,Boguérisse,Grass,Plante,,NA,405,61,78,95,56,58,57,6,FALSE
652,Chesnaught,Blindépique,Grass,Plante,Fighting,Combat,530,88,107,122,74,75,64,6,FALSE
653,Fennekin,Feunnec,Fire,Feu,,NA,307,40,45,40,62,60,60,6,FALSE
654,Braixen,Roussil,Fire,Feu,,NA,409,59,59,58,90,70,73,6,FALSE
655,Delphox,Goupelin,Fire,Feu,Psychic,Psy,534,75,69,72,114,100,104,6,FALSE
656,Froakie,Grenousse,Water,Eau,,NA,314,41,56,40,62,44,71,6,FALSE
657,Frogadier,Croâporal,Water,Eau,,NA,405,54,63,52,83,56,97,6,FALSE
658,Greninja,Amphinobi,Water,Eau,Dark,Ténèbres,530,72,95,67,103,71,122,6,FALSE
659,Bunnelby,Sapereau,Normal,Normal,,NA,237,38,36,38,32,36,57,6,FALSE
660,Diggersby,Excavarenne,Normal,Normal,Ground,Sol,423,85,56,77,50,77,78,6,FALSE
661,Fletchling,Passerouge,Normal,Normal,Flying,Vol,278,45,50,43,40,38,62,6,FALSE
662,Fletchinder,Braisillon,Fire,Feu,Flying,Vol,382,62,73,55,56,52,84,6,FALSE
663,Talonflame,Flambusard,Fire,Feu,Flying,Vol,499,78,81,71,74,69,126,6,FALSE
664,Scatterbug,Lépidonille,Bug,Insecte,,NA,200,38,35,40,27,25,35,6,FALSE
665,Spewpa,Pérégrain,Bug,Insecte,,NA,213,45,22,60,27,30,29,6,FALSE
666,Vivillon,Prismillon,Bug,Insecte,Flying,Vol,411,80,52,50,90,50,89,6,FALSE
667,Litleo,Hélionceau,Fire,Feu,Normal,Normal,369,62,50,58,73,54,72,6,FALSE
668,Pyroar,Némélios,Fire,Feu,Normal,Normal,507,86,68,72,109,66,106,6,FALSE
669,Flabébé,Flabébé,Fairy,Fée,,NA,303,44,38,39,61,79,42,6,FALSE
670,Floette,Floette,Fairy,Fée,,NA,371,54,45,47,75,98,52,6,FALSE
671,Florges,Florges,Fairy,Fée,,NA,552,78,65,68,112,154,75,6,FALSE
672,Skiddo,Cabriolaine,Grass,Plante,,NA,350,66,65,48,62,57,52,6,FALSE
673,Gogoat,Chevroum,Grass,Plante,,NA,531,123,100,62,97,81,68,6,FALSE
674,Pancham,Pandespiègle,Fighting,Combat,,NA,348,67,82,62,46,48,43,6,FALSE
675,Pangoro,Pandarbare,Fighting,Combat,Dark,Ténèbres,495,95,124,78,69,71,58,6,FALSE
676,Furfrou,Couafarel,Normal,Normal,,NA,472,75,80,60,65,90,102,6,FALSE
677,Espurr,Psystigri,Psychic,Psy,,NA,355,62,48,54,63,60,68,6,FALSE
678,MeowsticMale,MeowsticMale,Psychic,Psy,,NA,466,74,48,76,83,81,104,6,FALSE
679,Honedge,Monorpale,Steel,Acier,Ghost,Spectre,325,45,80,100,35,37,28,6,FALSE
680,Doublade,Dimoclès,Steel,Acier,Ghost,Spectre,448,59,110,150,45,49,35,6,FALSE
681,AegislashBlade Forme,Exagide,Steel,Acier,Ghost,Spectre,520,60,150,50,150,50,60,6,FALSE
682,Spritzee,Fluvetin,Fairy,Fée,,NA,341,78,52,60,63,65,23,6,FALSE
683,Aromatisse,Cocotine,Fairy,Fée,,NA,462,101,72,72,99,89,29,6,FALSE
684,Swirlix,Sucroquin,Fairy,Fée,,NA,341,62,48,66,59,57,49,6,FALSE
685,Slurpuff,Cupcanaille,Fairy,Fée,,NA,480,82,80,86,85,75,72,6,FALSE
686,Inkay,Sepiatop,Dark,Ténèbres,Psychic,Psy,288,53,54,53,37,46,45,6,FALSE
687,Malamar,Sepiatroce,Dark,Ténèbres,Psychic,Psy,482,86,92,88,68,75,73,6,FALSE
688,Binacle,Opermine,Rock,Roche,Water,Eau,306,42,52,67,39,56,50,6,FALSE
689,Barbaracle,Golgopathe,Rock,Roche,Water,Eau,500,72,105,115,54,86,68,6,FALSE
690,Skrelp,Venalgue,Poison,Poison,Water,Eau,320,50,60,60,60,60,30,6,FALSE
691,Dragalge,Kravarech,Poison,Poison,Dragon,Dragon,494,65,75,90,97,123,44,6,FALSE
692,Clauncher,Flingouste,Water,Eau,,NA,330,50,53,62,58,63,44,6,FALSE
693,Clawitzer,Gamblast,Water,Eau,,NA,500,71,73,88,120,89,59,6,FALSE
694,Helioptile,Galvaran,Electric,Électrik,Normal,Normal,289,44,38,33,61,43,70,6,FALSE
695,Heliolisk,Iguolta,Electric,Électrik,Normal,Normal,481,62,55,52,109,94,109,6,FALSE
696,Tyrunt,Ptyranidur,Rock,Roche,Dragon,Dragon,362,58,89,77,45,45,48,6,FALSE
697,Tyrantrum,Rexillius,Rock,Roche,Dragon,Dragon,521,82,121,119,69,59,71,6,FALSE
698,Amaura,Amagara,Rock,Roche,Ice,Glace,362,77,59,50,67,63,46,6,FALSE
699,Aurorus,Dragmara,Rock,Roche,Ice,Glace,521,123,77,72,99,92,58,6,FALSE
700,Sylveon,Nymphali,Fairy,Fée,,NA,525,95,65,65,110,130,60,6,FALSE
701,Hawlucha,Brutalibré,Fighting,Combat,Flying,Vol,500,78,92,75,74,63,118,6,FALSE
702,Dedenne,Dedenne,Electric,Électrik,Fairy,Fée,431,67,58,57,81,67,101,6,FALSE
703,Carbink,Strassie,Rock,Roche,Fairy,Fée,500,50,50,150,50,150,50,6,FALSE
704,Goomy,Mucuscule,Dragon,Dragon,,NA,300,45,50,35,55,75,40,6,FALSE
705,Sliggoo,Colimucus,Dragon,Dragon,,NA,452,68,75,53,83,113,60,6,FALSE
706,Goodra,Muplodocus,Dragon,Dragon,,NA,600,90,100,70,110,150,80,6,FALSE
707,Klefki,Trousselin,Steel,Acier,Fairy,Fée,470,57,80,91,80,87,75,6,FALSE
708,Phantump,Brocélôme,Ghost,Spectre,Grass,Plante,309,43,70,48,50,60,38,6,FALSE
709,Trevenant,Desséliande,Ghost,Spectre,Grass,Plante,474,85,110,76,65,82,56,6,FALSE
710,PumpkabooAverage Size,Pitrouille,Ghost,Spectre,Grass,Plante,335,49,66,70,44,55,51,6,FALSE
711,GourgeistAverage Size,Banshitrouye,Ghost,Spectre,Grass,Plante,494,65,90,122,58,75,84,6,FALSE
712,Bergmite,Grelaçon,Ice,Glace,,NA,304,55,69,85,32,35,28,6,FALSE
713,Avalugg,Séracrawl,Ice,Glace,,NA,514,95,117,184,44,46,28,6,FALSE
714,Noibat,Sonistrelle,Flying,Vol,Dragon,Dragon,245,40,30,35,45,40,55,6,FALSE
715,Noivern,Bruyverne,Flying,Vol,Dragon,Dragon,535,85,70,80,97,80,123,6,FALSE
716,Xerneas,Xerneas,Fairy,Fée,,NA,680,126,131,95,131,98,99,6,TRUE
717,Yveltal,Yveltal,Dark,Ténèbres,Flying,Vol,680,126,131,95,131,98,99,6,TRUE
718,Zygarde50% Forme,Zygarde,Dragon,Dragon,Ground,Sol,600,108,100,121,81,95,95,6,TRUE
719,Diancie,Diancie,Rock,Roche,Fairy,Fée,600,50,100,150,100,150,50,6,TRUE
720,HoopaHoopa Confined,Hoopa,Psychic,Psy,Ghost,Spectre,600,80,110,60,150,130,70,6,TRUE
721,Volcanion,Volcanion,Fire,Feu,Water,Eau,600,80,110,120,130,90,70,6,TRUE
