#,NameENG,NameFR,Type 1,Type 2,Total,HP,Attack,Defense,Sp. Atk,Sp. Def,Speed,Generation,Legendary
1,Bulbasaur,Bulbizarre,Grass,Poison,318,45,49,49,65,65,45,1,False
2,Ivysaur,Herbizarre,Grass,Poison,405,60,62,63,80,80,60,1,False
3,Venusaur,Florizarre,Grass,Poison,525,80,82,83,100,100,80,1,False
3,VenusaurMega Venusaur,VenusaurMega Florizarre,Grass,Poison,625,80,100,123,122,120,80,1,False
4,Charmander,Salamèche,Fire,,309,39,52,43,60,50,65,1,False
5,Charmeleon,Reptincel,Fire,,405,58,64,58,80,65,80,1,False
6,Charizard,Dracaufeu,Fire,Flying,534,78,84,78,109,85,100,1,False
6,CharizardMega Charizard X,CharizardMega Dracaufeu X,Fire,Dragon,634,78,130,111,130,85,100,1,False
6,CharizardMega Charizard Y,CharizardMega Dracaufeu Y,Fire,Flying,634,78,104,78,159,115,100,1,False
7,Squirtle,Carapuce,Water,,314,44,48,65,50,64,43,1,False
8,Wartortle,Carabaffe,Water,,405,59,63,80,65,80,58,1,False
9,Blastoise,Tortank,Water,,530,79,83,100,85,105,78,1,False
9,BlastoiseMega Blastoise,BlastoiseMega Tortank,Water,,630,79,103,120,135,115,78,1,False
10,Caterpie,Chenipan,Bug,,195,45,30,35,20,20,45,1,False
11,Metapod,Chrysacier,Bug,,205,50,20,55,25,25,30,1,False
12,Butterfree,Papilusion,Bug,Flying,395,60,45,50,90,80,70,1,False
13,Weedle,Aspicot,Bug,Poison,195,40,35,30,20,20,50,1,False
14,Kakuna,Coconfort,Bug,Poison,205,45,25,50,25,25,35,1,False
15,Beedrill,Dardargnan,Bug,Poison,395,65,90,40,45,80,75,1,False
15,BeedrillMega Beedrill,BeedrillMega Dardargnan,Bug,Poison,495,65,150,40,15,80,145,1,False
16,Pidgey,Roucool,Normal,Flying,251,40,45,40,35,35,56,1,False
17,Pidgeotto,Roucoups,Normal,Flying,349,63,60,55,50,50,71,1,False
18,Pidgeot,Roucarnage,Normal,Flying,479,83,80,75,70,70,101,1,False
18,PidgeotMega Pidgeot,PidgeotMega Roucarnage,Normal,Flying,579,83,80,80,135,80,121,1,False
19,Rattata,Rattata,Normal,,253,30,56,35,25,35,72,1,False
20,Raticate,Rattatac,Normal,,413,55,81,60,50,70,97,1,False
21,Spearow,Piafabec,Normal,Flying,262,40,60,30,31,31,70,1,False
22,Fearow,Rapasdepic,Normal,Flying,442,65,90,65,61,61,100,1,False
23,Ekans,Abo,Poison,,288,35,60,44,40,54,55,1,False
24,Arbok,Arbok,Poison,,438,60,85,69,65,79,80,1,False
25,Pikachu,Pikachu,Electric,,320,35,55,40,50,50,90,1,False
26,Raichu,Raichu,Electric,,485,60,90,55,90,80,110,1,False
27,Sandshrew,Sabelette,Ground,,300,50,75,85,20,30,40,1,False
28,Sandslash,Sablaireau,Ground,,450,75,100,110,45,55,65,1,False
29,Nidoran♀,Nidoran♀,Poison,,275,55,47,52,40,40,41,1,False
30,Nidorina,Nidorina,Poison,,365,70,62,67,55,55,56,1,False
31,Nidoqueen,Nidoqueen,Poison,Ground,505,90,92,87,75,85,76,1,False
32,Nidoran♂,Nidoran♂,Poison,,273,46,57,40,40,40,50,1,False
33,Nidorino,Nidorino,Poison,,365,61,72,57,55,55,65,1,False
34,Nidoking,Nidoking,Poison,Ground,505,81,102,77,85,75,85,1,False
35,Clefairy,Mélofée,Fairy,,323,70,45,48,60,65,35,1,False
36,Clefable,Mélodelfe,Fairy,,483,95,70,73,95,90,60,1,False
37,Vulpix,Goupix,Fire,,299,38,41,40,50,65,65,1,False
38,Ninetales,Feunard,Fire,,505,73,76,75,81,100,100,1,False
39,Jigglypuff,Rondoudou,Normal,Fairy,270,115,45,20,45,25,20,1,False
40,Wigglytuff,Grodoudou,Normal,Fairy,435,140,70,45,85,50,45,1,False
41,Zubat,Nosferapti,Poison,Flying,245,40,45,35,30,40,55,1,False
42,Golbat,Nosferalto,Poison,Flying,455,75,80,70,65,75,90,1,False
43,Oddish,Mystherbe,Grass,Poison,320,45,50,55,75,65,30,1,False
44,Gloom,Ortide,Grass,Poison,395,60,65,70,85,75,40,1,False
45,Vileplume,Rafflesia,Grass,Poison,490,75,80,85,110,90,50,1,False
46,Paras,Paras,Bug,Grass,285,35,70,55,45,55,25,1,False
47,Parasect,Parasect,Bug,Grass,405,60,95,80,60,80,30,1,False
48,Venonat,Mimitoss,Bug,Poison,305,60,55,50,40,55,45,1,False
49,Venomoth,Aéromite,Bug,Poison,450,70,65,60,90,75,90,1,False
50,Diglett,Taupiqueur,Ground,,265,10,55,25,35,45,95,1,False
51,Dugtrio,Triopikeur,Ground,,405,35,80,50,50,70,120,1,False
52,Meowth,Miaouss,Normal,,290,40,45,35,40,40,90,1,False
53,Persian,Persian,Normal,,440,65,70,60,65,65,115,1,False
54,Psyduck,Psykokwak,Water,,320,50,52,48,65,50,55,1,False
55,Golduck,Akwakwak,Water,,500,80,82,78,95,80,85,1,False
56,Mankey,Férosinge,Fighting,,305,40,80,35,35,45,70,1,False
57,Primeape,Colossinge,Fighting,,455,65,105,60,60,70,95,1,False
58,Growlithe,Caninos,Fire,,350,55,70,45,70,50,60,1,False
59,Arcanine,Arcanin,Fire,,555,90,110,80,100,80,95,1,False
60,Poliwag,Ptitard,Water,,300,40,50,40,40,40,90,1,False
61,Poliwhirl,Têtarte,Water,,385,65,65,65,50,50,90,1,False
62,Poliwrath,Tartard,Water,Fighting,510,90,95,95,70,90,70,1,False
63,Abra,Abra,Psychic,,310,25,20,15,105,55,90,1,False
64,Kadabra,Kadabra,Psychic,,400,40,35,30,120,70,105,1,False
65,Alakazam,Alakazam,Psychic,,500,55,50,45,135,95,120,1,False
65,AlakazamMega Alakazam,AlakazamMega Alakazam,Psychic,,590,55,50,65,175,95,150,1,False
66,Machop,Machoc,Fighting,,305,70,80,50,35,35,35,1,False
67,Machoke,Machopeur,Fighting,,405,80,100,70,50,60,45,1,False
68,Machamp,Mackogneur,Fighting,,505,90,130,80,65,85,55,1,False
69,Bellsprout,Chétiflor,Grass,Poison,300,50,75,35,70,30,40,1,False
70,Weepinbell,Boustiflor,Grass,Poison,390,65,90,50,85,45,55,1,False
71,Victreebel,Empiflor,Grass,Poison,490,80,105,65,100,70,70,1,False
72,Tentacool,Tentacool,Water,Poison,335,40,40,35,50,100,70,1,False
73,Tentacruel,Tentacruel,Water,Poison,515,80,70,65,80,120,100,1,False
74,Geodude,Racaillou,Rock,Ground,300,40,80,100,30,30,20,1,False
75,Graveler,Gravalanch,Rock,Ground,390,55,95,115,45,45,35,1,False
76,Golem,Grolem,Rock,Ground,495,80,120,130,55,65,45,1,False
77,Ponyta,Ponyta,Fire,,410,50,85,55,65,65,90,1,False
78,Rapidash,Galopa,Fire,,500,65,100,70,80,80,105,1,False
79,Slowpoke,Ramoloss,Water,Psychic,315,90,65,65,40,40,15,1,False
80,Slowbro,Flagadoss,Water,Psychic,490,95,75,110,100,80,30,1,False
80,SlowbroMega Slowbro,SlowbroMega Flagadoss,Water,Psychic,590,95,75,180,130,80,30,1,False
81,Magnemite,Magnéti,Electric,Steel,325,25,35,70,95,55,45,1,False
82,Magneton,Magnéton,Electric,Steel,465,50,60,95,120,70,70,1,False
83,Farfetch'd,Canarticho,Normal,Flying,352,52,65,55,58,62,60,1,False
84,Doduo,Doduo,Normal,Flying,310,35,85,45,35,35,75,1,False
85,Dodrio,Dodrio,Normal,Flying,460,60,110,70,60,60,100,1,False
86,Seel,Otaria,Water,,325,65,45,55,45,70,45,1,False
87,Dewgong,Lamantine,Water,Ice,475,90,70,80,70,95,70,1,False
88,Grimer,Tadmorv,Poison,,325,80,80,50,40,50,25,1,False
89,Muk,Grotadmorv,Poison,,500,105,105,75,65,100,50,1,False
90,Shellder,Kokiyas,Water,,305,30,65,100,45,25,40,1,False
91,Cloyster,Crustabri,Water,Ice,525,50,95,180,85,45,70,1,False
92,Gastly,Fantominus,Ghost,Poison,310,30,35,30,100,35,80,1,False
93,Haunter,Spectrum,Ghost,Poison,405,45,50,45,115,55,95,1,False
94,Gengar,Ectoplasma,Ghost,Poison,500,60,65,60,130,75,110,1,False
94,GengarMega Gengar,GengarMega Ectoplasma,Ghost,Poison,600,60,65,80,170,95,130,1,False
95,Onix,Onix,Rock,Ground,385,35,45,160,30,45,70,1,False
96,Drowzee,Soporifik,Psychic,,328,60,48,45,43,90,42,1,False
97,Hypno,Hypnomade,Psychic,,483,85,73,70,73,115,67,1,False
98,Krabby,Krabby,Water,,325,30,105,90,25,25,50,1,False
99,Kingler,Krabboss,Water,,475,55,130,115,50,50,75,1,False
100,Voltorb,Voltorbe,Electric,,330,40,30,50,55,55,100,1,False
101,Electrode,Électrode,Electric,,480,60,50,70,80,80,140,1,False
102,Exeggcute,Noeunoeuf,Grass,Psychic,325,60,40,80,60,45,40,1,False
103,Exeggutor,Noadkoko,Grass,Psychic,520,95,95,85,125,65,55,1,False
104,Cubone,Osselait,Ground,,320,50,50,95,40,50,35,1,False
105,Marowak,Ossatueur,Ground,,425,60,80,110,50,80,45,1,False
106,Hitmonlee,Kicklee,Fighting,,455,50,120,53,35,110,87,1,False
107,Hitmonchan,Tygnon,Fighting,,455,50,105,79,35,110,76,1,False
108,Lickitung,Excelangue,Normal,,385,90,55,75,60,75,30,1,False
109,Koffing,Smogo,Poison,,340,40,65,95,60,45,35,1,False
110,Weezing,Smogogo,Poison,,490,65,90,120,85,70,60,1,False
111,Rhyhorn,Rhinocorne,Ground,Rock,345,80,85,95,30,30,25,1,False
112,Rhydon,Rhinoféros,Ground,Rock,485,105,130,120,45,45,40,1,False
113,Chansey,Leveinard,Normal,,450,250,5,5,35,105,50,1,False
114,Tangela,Saquedeneu,Grass,,435,65,55,115,100,40,60,1,False
115,Kangaskhan,Kangourex,Normal,,490,105,95,80,40,80,90,1,False
115,KangaskhanMega Kangaskhan,KangaskhanMega Kangourex,Normal,,590,105,125,100,60,100,100,1,False
116,Horsea,Hypotrempe,Water,,295,30,40,70,70,25,60,1,False
117,Seadra,Hypocéan,Water,,440,55,65,95,95,45,85,1,False
118,Goldeen,Poissirène,Water,,320,45,67,60,35,50,63,1,False
119,Seaking,Poissoroy,Water,,450,80,92,65,65,80,68,1,False
120,Staryu,Stari,Water,,340,30,45,55,70,55,85,1,False
121,Starmie,Staross,Water,Psychic,520,60,75,85,100,85,115,1,False
122,Mr. Mime,M. Mime,Psychic,Fairy,460,40,45,65,100,120,90,1,False
123,Scyther,Insécateur,Bug,Flying,500,70,110,80,55,80,105,1,False
124,Jynx,Lippoutou,Ice,Psychic,455,65,50,35,115,95,95,1,False
125,Electabuzz,Élektek,Electric,,490,65,83,57,95,85,105,1,False
126,Magmar,Magmar,Fire,,495,65,95,57,100,85,93,1,False
127,Pinsir,Scarabrute,Bug,,500,65,125,100,55,70,85,1,False
127,PinsirMega Pinsir,PinsirMega Scarabrute,Bug,Flying,600,65,155,120,65,90,105,1,False
128,Tauros,Tauros,Normal,,490,75,100,95,40,70,110,1,False
129,Magikarp,Magicarpe,Water,,200,20,10,55,15,20,80,1,False
130,Gyarados,Léviator,Water,Flying,540,95,125,79,60,100,81,1,False
130,GyaradosMega Gyarados,GyaradosMega Léviator,Water,Dark,640,95,155,109,70,130,81,1,False
131,Lapras,Lokhlass,Water,Ice,535,130,85,80,85,95,60,1,False
132,Ditto,Métamorph,Normal,,288,48,48,48,48,48,48,1,False
133,Eevee,Évoli,Normal,,325,55,55,50,45,65,55,1,False
134,Vaporeon,Aquali,Water,,525,130,65,60,110,95,65,1,False
135,Jolteon,Voltali,Electric,,525,65,65,60,110,95,130,1,False
136,Flareon,Pyroli,Fire,,525,65,130,60,95,110,65,1,False
137,Porygon,Porygon,Normal,,395,65,60,70,85,75,40,1,False
138,Omanyte,Amonita,Rock,Water,355,35,40,100,90,55,35,1,False
139,Omastar,Amonistar,Rock,Water,495,70,60,125,115,70,55,1,False
140,Kabuto,Kabuto,Rock,Water,355,30,80,90,55,45,55,1,False
141,Kabutops,Kabutops,Rock,Water,495,60,115,105,65,70,80,1,False
142,Aerodactyl,Ptéra,Rock,Flying,515,80,105,65,60,75,130,1,False
142,AerodactylMega Aerodactyl,AerodactylMega Ptéra,Rock,Flying,615,80,135,85,70,95,150,1,False
143,Snorlax,Ronflex,Normal,,540,160,110,65,65,110,30,1,False
144,Articuno,Artikodin,Ice,Flying,580,90,85,100,95,125,85,1,True
145,Zapdos,Électhor,Electric,Flying,580,90,90,85,125,90,100,1,True
146,Moltres,Sulfura,Fire,Flying,580,90,100,90,125,85,90,1,True
147,Dratini,Minidraco,Dragon,,300,41,64,45,50,50,50,1,False
148,Dragonair,Draco,Dragon,,420,61,84,65,70,70,70,1,False
149,Dragonite,Dracolosse,Dragon,Flying,600,91,134,95,100,100,80,1,False
150,Mewtwo,Mewtwo,Psychic,,680,106,110,90,154,90,130,1,True
150,MewtwoMega Mewtwo X,MewtwoMega Mewtwo X,Psychic,Fighting,780,106,190,100,154,100,130,1,True
150,MewtwoMega Mewtwo Y,MewtwoMega Mewtwo Y,Psychic,,780,106,150,70,194,120,140,1,True
151,Mew,Mew,Psychic,,600,100,100,100,100,100,100,1,False
152,Chikorita,Germignon,Grass,,318,45,49,65,49,65,45,2,False
153,Bayleef,Macronium,Grass,,405,60,62,80,63,80,60,2,False
154,Meganium,Méganium,Grass,,525,80,82,100,83,100,80,2,False
155,Cyndaquil,Héricendre,Fire,,309,39,52,43,60,50,65,2,False
156,Quilava,Feurisson,Fire,,405,58,64,58,80,65,80,2,False
157,Typhlosion,Typhlosion,Fire,,534,78,84,78,109,85,100,2,False
158,Totodile,Kaiminus,Water,,314,50,65,64,44,48,43,2,False
159,Croconaw,Crocrodil,Water,,405,65,80,80,59,63,58,2,False
160,Feraligatr,Aligatueur,Water,,530,85,105,100,79,83,78,2,False
161,Sentret,Fouinette,Normal,,215,35,46,34,35,45,20,2,False
162,Furret,Fouinar,Normal,,415,85,76,64,45,55,90,2,False
163,Hoothoot,Hoothoot,Normal,Flying,262,60,30,30,36,56,50,2,False
164,Noctowl,Noarfang,Normal,Flying,442,100,50,50,76,96,70,2,False
165,Ledyba,Coxy,Bug,Flying,265,40,20,30,40,80,55,2,False
166,Ledian,Coxyclaque,Bug,Flying,390,55,35,50,55,110,85,2,False
167,Spinarak,Mimigal,Bug,Poison,250,40,60,40,40,40,30,2,False
168,Ariados,Migalos,Bug,Poison,390,70,90,70,60,60,40,2,False
169,Crobat,Nostenfer,Poison,Flying,535,85,90,80,70,80,130,2,False
170,Chinchou,Loupio,Water,Electric,330,75,38,38,56,56,67,2,False
171,Lanturn,Lanturn,Water,Electric,460,125,58,58,76,76,67,2,False
172,Pichu,Pichu,Electric,,205,20,40,15,35,35,60,2,False
173,Cleffa,Mélo,Fairy,,218,50,25,28,45,55,15,2,False
174,Igglybuff,Toudoudou,Normal,Fairy,210,90,30,15,40,20,15,2,False
175,Togepi,Togepi,Fairy,,245,35,20,65,40,65,20,2,False
176,Togetic,Togetic,Fairy,Flying,405,55,40,85,80,105,40,2,False
177,Natu,Natu,Psychic,Flying,320,40,50,45,70,45,70,2,False
178,Xatu,Xatu,Psychic,Flying,470,65,75,70,95,70,95,2,False
179,Mareep,Wattouat,Electric,,280,55,40,40,65,45,35,2,False
180,Flaaffy,Lainergie,Electric,,365,70,55,55,80,60,45,2,False
181,Ampharos,Pharamp,Electric,,510,90,75,85,115,90,55,2,False
181,AmpharosMega Ampharos,AmpharosMega Pharamp,Electric,Dragon,610,90,95,105,165,110,45,2,False
182,Bellossom,Joliflor,Grass,,490,75,80,95,90,100,50,2,False
183,Marill,Marill,Water,Fairy,250,70,20,50,20,50,40,2,False
184,Azumarill,Azumarill,Water,Fairy,420,100,50,80,60,80,50,2,False
185,Sudowoodo,Simularbre,Rock,,410,70,100,115,30,65,30,2,False
186,Politoed,Tarpaud,Water,,500,90,75,75,90,100,70,2,False
187,Hoppip,Granivol,Grass,Flying,250,35,35,40,35,55,50,2,False
188,Skiploom,Floravol,Grass,Flying,340,55,45,50,45,65,80,2,False
189,Jumpluff,Cotovol,Grass,Flying,460,75,55,70,55,95,110,2,False
190,Aipom,Capumain,Normal,,360,55,70,55,40,55,85,2,False
191,Sunkern,Tournegrin,Grass,,180,30,30,30,30,30,30,2,False
192,Sunflora,Héliatronc,Grass,,425,75,75,55,105,85,30,2,False
193,Yanma,Yanma,Bug,Flying,390,65,65,45,75,45,95,2,False
194,Wooper,Axoloto,Water,Ground,210,55,45,45,25,25,15,2,False
195,Quagsire,Maraiste,Water,Ground,430,95,85,85,65,65,35,2,False
196,Espeon,Mentali,Psychic,,525,65,65,60,130,95,110,2,False
197,Umbreon,Noctali,Dark,,525,95,65,110,60,130,65,2,False
198,Murkrow,Cornèbre,Dark,Flying,405,60,85,42,85,42,91,2,False
199,Slowking,Roigada,Water,Psychic,490,95,75,80,100,110,30,2,False
200,Misdreavus,Feuforêve,Ghost,,435,60,60,60,85,85,85,2,False
201,Unown,Zarbi,Psychic,,336,48,72,48,72,48,48,2,False
202,Wobbuffet,Qulbutoké,Psychic,,405,190,33,58,33,58,33,2,False
203,Girafarig,Girafarig,Normal,Psychic,455,70,80,65,90,65,85,2,False
204,Pineco,Pomdepik,Bug,,290,50,65,90,35,35,15,2,False
205,Forretress,Foretress,Bug,Steel,465,75,90,140,60,60,40,2,False
206,Dunsparce,Insolourdo,Normal,,415,100,70,70,65,65,45,2,False
207,Gligar,Scorplane,Ground,Flying,430,65,75,105,35,65,85,2,False
208,Steelix,Steelix,Steel,Ground,510,75,85,200,55,65,30,2,False
208,SteelixMega Steelix,SteelixMega Steelix,Steel,Ground,610,75,125,230,55,95,30,2,False
209,Snubbull,Snubbull,Fairy,,300,60,80,50,40,40,30,2,False
210,Granbull,Granbull,Fairy,,450,90,120,75,60,60,45,2,False
211,Qwilfish,Qwilfish,Water,Poison,430,65,95,75,55,55,85,2,False
212,Scizor,Cizayox,Bug,Steel,500,70,130,100,55,80,65,2,False
212,ScizorMega Scizor,ScizorMega Cizayox,Bug,Steel,600,70,150,140,65,100,75,2,False
213,Shuckle,Caratroc,Bug,Rock,505,20,10,230,10,230,5,2,False
214,Heracross,Scarhino,Bug,Fighting,500,80,125,75,40,95,85,2,False
214,HeracrossMega Heracross,HeracrossMega Scarhino,Bug,Fighting,600,80,185,115,40,105,75,2,False
215,Sneasel,Farfuret,Dark,Ice,430,55,95,55,35,75,115,2,False
216,Teddiursa,Teddiursa,Normal,,330,60,80,50,50,50,40,2,False
217,Ursaring,Ursaring,Normal,,500,90,130,75,75,75,55,2,False
218,Slugma,Limagma,Fire,,250,40,40,40,70,40,20,2,False
219,Magcargo,Volcaropod,Fire,Rock,410,50,50,120,80,80,30,2,False
220,Swinub,Marcacrin,Ice,Ground,250,50,50,40,30,30,50,2,False
221,Piloswine,Cochignon,Ice,Ground,450,100,100,80,60,60,50,2,False
222,Corsola,Corayon,Water,Rock,380,55,55,85,65,85,35,2,False
223,Remoraid,Rémoraid,Water,,300,35,65,35,65,35,65,2,False
224,Octillery,Octillery,Water,,480,75,105,75,105,75,45,2,False
225,Delibird,Cadoizo,Ice,Flying,330,45,55,45,65,45,75,2,False
226,Mantine,Démanta,Water,Flying,465,65,40,70,80,140,70,2,False
227,Skarmory,Airmure,Steel,Flying,465,65,80,140,40,70,70,2,False
228,Houndour,Malosse,Dark,Fire,330,45,60,30,80,50,65,2,False
229,Houndoom,Démolosse,Dark,Fire,500,75,90,50,110,80,95,2,False
229,HoundoomMega Houndoom,HoundoomMega Démolosse,Dark,Fire,600,75,90,90,140,90,115,2,False
230,Kingdra,Hyporoi,Water,Dragon,540,75,95,95,95,95,85,2,False
231,Phanpy,Phanpy,Ground,,330,90,60,60,40,40,40,2,False
232,Donphan,Donphan,Ground,,500,90,120,120,60,60,50,2,False
233,Porygon2,Porygon2,Normal,,515,85,80,90,105,95,60,2,False
234,Stantler,Cerfrousse,Normal,,465,73,95,62,85,65,85,2,False
235,Smeargle,Queulorior,Normal,,250,55,20,35,20,45,75,2,False
236,Tyrogue,Debugant,Fighting,,210,35,35,35,35,35,35,2,False
237,Hitmontop,Kapoera,Fighting,,455,50,95,95,35,110,70,2,False
238,Smoochum,Lippouti,Ice,Psychic,305,45,30,15,85,65,65,2,False
239,Elekid,Élekid,Electric,,360,45,63,37,65,55,95,2,False
240,Magby,Magby,Fire,,365,45,75,37,70,55,83,2,False
241,Miltank,Écrémeuh,Normal,,490,95,80,105,40,70,100,2,False
242,Blissey,Leuphorie,Normal,,540,255,10,10,75,135,55,2,False
243,Raikou,Raikou,Electric,,580,90,85,75,115,100,115,2,True
244,Entei,Entei,Fire,,580,115,115,85,90,75,100,2,True
245,Suicune,Suicune,Water,,580,100,75,115,90,115,85,2,True
246,Larvitar,Embrylex,Rock,Ground,300,50,64,50,45,50,41,2,False
247,Pupitar,Ymphect,Rock,Ground,410,70,84,70,65,70,51,2,False
248,Tyranitar,Tyranocif,Rock,Dark,600,100,134,110,95,100,61,2,False
248,TyranitarMega Tyranitar,TyranitarMega Tyranocif,Rock,Dark,700,100,164,150,95,120,71,2,False
249,Lugia,Lugia,Psychic,Flying,680,106,90,130,90,154,110,2,True
250,Ho-oh,Ho-Oh,Fire,Flying,680,106,130,90,110,154,90,2,True
251,Celebi,Celebi,Psychic,Grass,600,100,100,100,100,100,100,2,False
252,Treecko,Arcko,Grass,,310,40,45,35,65,55,70,3,False
253,Grovyle,Massko,Grass,,405,50,65,45,85,65,95,3,False
254,Sceptile,Jungko,Grass,,530,70,85,65,105,85,120,3,False
254,SceptileMega Sceptile,SceptileMega Jungko,Grass,Dragon,630,70,110,75,145,85,145,3,False
255,Torchic,Poussifeu,Fire,,310,45,60,40,70,50,45,3,False
256,Combusken,Galifeu,Fire,Fighting,405,60,85,60,85,60,55,3,False
257,Blaziken,Braségali,Fire,Fighting,530,80,120,70,110,70,80,3,False
257,BlazikenMega Blaziken,BlazikenMega Braségali,Fire,Fighting,630,80,160,80,130,80,100,3,False
258,Mudkip,Gobou,Water,,310,50,70,50,50,50,40,3,False
259,Marshtomp,Flobio,Water,Ground,405,70,85,70,60,70,50,3,False
260,Swampert,Laggron,Water,Ground,535,100,110,90,85,90,60,3,False
260,SwampertMega Swampert,SwampertMega Laggron,Water,Ground,635,100,150,110,95,110,70,3,False
261,Poochyena,Medhyèna,Dark,,220,35,55,35,30,30,35,3,False
262,Mightyena,Grahyèna,Dark,,420,70,90,70,60,60,70,3,False
263,Zigzagoon,Zigzaton,Normal,,240,38,30,41,30,41,60,3,False
264,Linoone,Linéon,Normal,,420,78,70,61,50,61,100,3,False
265,Wurmple,Chenipotte,Bug,,195,45,45,35,20,30,20,3,False
266,Silcoon,Armulys,Bug,,205,50,35,55,25,25,15,3,False
267,Beautifly,Charmillon,Bug,Flying,395,60,70,50,100,50,65,3,False
268,Cascoon,Blindalys,Bug,,205,50,35,55,25,25,15,3,False
269,Dustox,Papinox,Bug,Poison,385,60,50,70,50,90,65,3,False
270,Lotad,Nénupiot,Water,Grass,220,40,30,30,40,50,30,3,False
271,Lombre,Lombre,Water,Grass,340,60,50,50,60,70,50,3,False
272,Ludicolo,Ludicolo,Water,Grass,480,80,70,70,90,100,70,3,False
273,Seedot,Grainipiot,Grass,,220,40,40,50,30,30,30,3,False
274,Nuzleaf,Pifeuil,Grass,Dark,340,70,70,40,60,40,60,3,False
275,Shiftry,Tengalice,Grass,Dark,480,90,100,60,90,60,80,3,False
276,Taillow,Nirondelle,Normal,Flying,270,40,55,30,30,30,85,3,False
277,Swellow,Hélédelle,Normal,Flying,430,60,85,60,50,50,125,3,False
278,Wingull,Goélise,Water,Flying,270,40,30,30,55,30,85,3,False
279,Pelipper,Bekipan,Water,Flying,430,60,50,100,85,70,65,3,False
280,Ralts,Tarsal,Psychic,Fairy,198,28,25,25,45,35,40,3,False
281,Kirlia,Kirlia,Psychic,Fairy,278,38,35,35,65,55,50,3,False
282,Gardevoir,Gardevoir,Psychic,Fairy,518,68,65,65,125,115,80,3,False
282,GardevoirMega Gardevoir,GardevoirMega Gardevoir,Psychic,Fairy,618,68,85,65,165,135,100,3,False
283,Surskit,Arakdo,Bug,Water,269,40,30,32,50,52,65,3,False
284,Masquerain,Maskadra,Bug,Flying,414,70,60,62,80,82,60,3,False
285,Shroomish,Balignon,Grass,,295,60,40,60,40,60,35,3,False
286,Breloom,Chapignon,Grass,Fighting,460,60,130,80,60,60,70,3,False
287,Slakoth,Parecool,Normal,,280,60,60,60,35,35,30,3,False
288,Vigoroth,Vigoroth,Normal,,440,80,80,80,55,55,90,3,False
289,Slaking,Monaflèmit,Normal,,670,150,160,100,95,65,100,3,False
290,Nincada,Ningale,Bug,Ground,266,31,45,90,30,30,40,3,False
291,Ninjask,Ninjask,Bug,Flying,456,61,90,45,50,50,160,3,False
292,Shedinja,Munja,Bug,Ghost,236,1,90,45,30,30,40,3,False
293,Whismur,Chuchmur,Normal,,240,64,51,23,51,23,28,3,False
294,Loudred,Ramboum,Normal,,360,84,71,43,71,43,48,3,False
295,Exploud,Brouhabam,Normal,,490,104,91,63,91,73,68,3,False
296,Makuhita,Makuhita,Fighting,,237,72,60,30,20,30,25,3,False
297,Hariyama,Hariyama,Fighting,,474,144,120,60,40,60,50,3,False
298,Azurill,Azurill,Normal,Fairy,190,50,20,40,20,40,20,3,False
299,Nosepass,Tarinor,Rock,,375,30,45,135,45,90,30,3,False
300,Skitty,Skitty,Normal,,260,50,45,45,35,35,50,3,False
301,Delcatty,Delcatty,Normal,,380,70,65,65,55,55,70,3,False
302,Sableye,Ténéfix,Dark,Ghost,380,50,75,75,65,65,50,3,False
302,SableyeMega Sableye,SableyeMega Ténéfix,Dark,Ghost,480,50,85,125,85,115,20,3,False
303,Mawile,Mysdibule,Steel,Fairy,380,50,85,85,55,55,50,3,False
303,MawileMega Mawile,MawileMega Mysdibule,Steel,Fairy,480,50,105,125,55,95,50,3,False
304,Aron,Galekid,Steel,Rock,330,50,70,100,40,40,30,3,False
305,Lairon,Galegon,Steel,Rock,430,60,90,140,50,50,40,3,False
306,Aggron,Galeking,Steel,Rock,530,70,110,180,60,60,50,3,False
306,AggronMega Aggron,AggronMega Galeking,Steel,,630,70,140,230,60,80,50,3,False
307,Meditite,Méditikka,Fighting,Psychic,280,30,40,55,40,55,60,3,False
308,Medicham,Charmina,Fighting,Psychic,410,60,60,75,60,75,80,3,False
308,MedichamMega Medicham,MedichamMega Charmina,Fighting,Psychic,510,60,100,85,80,85,100,3,False
309,Electrike,Dynavolt,Electric,,295,40,45,40,65,40,65,3,False
310,Manectric,Élecsprint,Electric,,475,70,75,60,105,60,105,3,False
310,ManectricMega Manectric,ManectricMega Élecsprint,Electric,,575,70,75,80,135,80,135,3,False
311,Plusle,Posipi,Electric,,405,60,50,40,85,75,95,3,False
312,Minun,Négapi,Electric,,405,60,40,50,75,85,95,3,False
313,Volbeat,Muciole,Bug,,400,65,73,55,47,75,85,3,False
314,Illumise,Lumivole,Bug,,400,65,47,55,73,75,85,3,False
315,Roselia,Rosélia,Grass,Poison,400,50,60,45,100,80,65,3,False
316,Gulpin,Gloupti,Poison,,302,70,43,53,43,53,40,3,False
317,Swalot,Avaltout,Poison,,467,100,73,83,73,83,55,3,False
318,Carvanha,Carvanha,Water,Dark,305,45,90,20,65,20,65,3,False
319,Sharpedo,Sharpedo,Water,Dark,460,70,120,40,95,40,95,3,False
319,SharpedoMega Sharpedo,SharpedoMega Sharpedo,Water,Dark,560,70,140,70,110,65,105,3,False
320,Wailmer,Wailmer,Water,,400,130,70,35,70,35,60,3,False
321,Wailord,Wailord,Water,,500,170,90,45,90,45,60,3,False
322,Numel,Chamallot,Fire,Ground,305,60,60,40,65,45,35,3,False
323,Camerupt,Camérupt,Fire,Ground,460,70,100,70,105,75,40,3,False
323,CameruptMega Camerupt,CameruptMega Camérupt,Fire,Ground,560,70,120,100,145,105,20,3,False
324,Torkoal,Chartor,Fire,,470,70,85,140,85,70,20,3,False
325,Spoink,Spoink,Psychic,,330,60,25,35,70,80,60,3,False
326,Grumpig,Groret,Psychic,,470,80,45,65,90,110,80,3,False
327,Spinda,Spinda,Normal,,360,60,60,60,60,60,60,3,False
328,Trapinch,Kraknoix,Ground,,290,45,100,45,45,45,10,3,False
329,Vibrava,Vibraninf,Ground,Dragon,340,50,70,50,50,50,70,3,False
330,Flygon,Libégon,Ground,Dragon,520,80,100,80,80,80,100,3,False
331,Cacnea,Cacnea,Grass,,335,50,85,40,85,40,35,3,False
332,Cacturne,Cacturne,Grass,Dark,475,70,115,60,115,60,55,3,False
333,Swablu,Tylton,Normal,Flying,310,45,40,60,40,75,50,3,False
334,Altaria,Altaria,Dragon,Flying,490,75,70,90,70,105,80,3,False
334,AltariaMega Altaria,AltariaMega Altaria,Dragon,Fairy,590,75,110,110,110,105,80,3,False
335,Zangoose,Mangriff,Normal,,458,73,115,60,60,60,90,3,False
336,Seviper,Séviper,Poison,,458,73,100,60,100,60,65,3,False
337,Lunatone,Séléroc,Rock,Psychic,440,70,55,65,95,85,70,3,False
338,Solrock,Solaroc,Rock,Psychic,440,70,95,85,55,65,70,3,False
339,Barboach,Barloche,Water,Ground,288,50,48,43,46,41,60,3,False
340,Whiscash,Barbicha,Water,Ground,468,110,78,73,76,71,60,3,False
341,Corphish,Écrapince,Water,,308,43,80,65,50,35,35,3,False
342,Crawdaunt,Colhomard,Water,Dark,468,63,120,85,90,55,55,3,False
343,Baltoy,Balbuto,Ground,Psychic,300,40,40,55,40,70,55,3,False
344,Claydol,Kaorine,Ground,Psychic,500,60,70,105,70,120,75,3,False
345,Lileep,Lilia,Rock,Grass,355,66,41,77,61,87,23,3,False
346,Cradily,Vacilys,Rock,Grass,495,86,81,97,81,107,43,3,False
347,Anorith,Anorith,Rock,Bug,355,45,95,50,40,50,75,3,False
348,Armaldo,Armaldo,Rock,Bug,495,75,125,100,70,80,45,3,False
349,Feebas,Barpau,Water,,200,20,15,20,10,55,80,3,False
350,Milotic,Milobellus,Water,,540,95,60,79,100,125,81,3,False
351,Castform,Morphéo,Normal,,420,70,70,70,70,70,70,3,False
352,Kecleon,Kecleon,Normal,,440,60,90,70,60,120,40,3,False
353,Shuppet,Polichombr,Ghost,,295,44,75,35,63,33,45,3,False
354,Banette,Branette,Ghost,,455,64,115,65,83,63,65,3,False
354,BanetteMega Banette,BanetteMega Branette,Ghost,,555,64,165,75,93,83,75,3,False
355,Duskull,Skelénox,Ghost,,295,20,40,90,30,90,25,3,False
356,Dusclops,Téraclope,Ghost,,455,40,70,130,60,130,25,3,False
357,Tropius,Tropius,Grass,Flying,460,99,68,83,72,87,51,3,False
358,Chimecho,Éoko,Psychic,,425,65,50,70,95,80,65,3,False
359,Absol,Absol,Dark,,465,65,130,60,75,60,75,3,False
359,AbsolMega Absol,AbsolMega Absol,Dark,,565,65,150,60,115,60,115,3,False
360,Wynaut,Okéoké,Psychic,,260,95,23,48,23,48,23,3,False
361,Snorunt,Stalgamin,Ice,,300,50,50,50,50,50,50,3,False
362,Glalie,Oniglali,Ice,,480,80,80,80,80,80,80,3,False
362,GlalieMega Glalie,GlalieMega Oniglali,Ice,,580,80,120,80,120,80,100,3,False
363,Spheal,Obalie,Ice,Water,290,70,40,50,55,50,25,3,False
364,Sealeo,Phogleur,Ice,Water,410,90,60,70,75,70,45,3,False
365,Walrein,Kaimorse,Ice,Water,530,110,80,90,95,90,65,3,False
366,Clamperl,Coquiperl,Water,,345,35,64,85,74,55,32,3,False
367,Huntail,Serpang,Water,,485,55,104,105,94,75,52,3,False
368,Gorebyss,Rosabyss,Water,,485,55,84,105,114,75,52,3,False
369,Relicanth,Relicanth,Water,Rock,485,100,90,130,45,65,55,3,False
370,Luvdisc,Lovdisc,Water,,330,43,30,55,40,65,97,3,False
371,Bagon,Draby,Dragon,,300,45,75,60,40,30,50,3,False
372,Shelgon,Drackhaus,Dragon,,420,65,95,100,60,50,50,3,False
373,Salamence,Drattak,Dragon,Flying,600,95,135,80,110,80,100,3,False
373,SalamenceMega Salamence,SalamenceMega Drattak,Dragon,Flying,700,95,145,130,120,90,120,3,False
374,Beldum,Terhal,Steel,Psychic,300,40,55,80,35,60,30,3,False
375,Metang,Métang,Steel,Psychic,420,60,75,100,55,80,50,3,False
376,Metagross,Métalosse,Steel,Psychic,600,80,135,130,95,90,70,3,False
376,MetagrossMega Metagross,MetagrossMega Métalosse,Steel,Psychic,700,80,145,150,105,110,110,3,False
377,Regirock,Regirock,Rock,,580,80,100,200,50,100,50,3,True
378,Regice,Regice,Ice,,580,80,50,100,100,200,50,3,True
379,Registeel,Registeel,Steel,,580,80,75,150,75,150,50,3,True
380,Latias,Latias,Dragon,Psychic,600,80,80,90,110,130,110,3,True
380,LatiasMega Latias,LatiasMega Latias,Dragon,Psychic,700,80,100,120,140,150,110,3,True
381,Latios,Latios,Dragon,Psychic,600,80,90,80,130,110,110,3,True
381,LatiosMega Latios,LatiosMega Latios,Dragon,Psychic,700,80,130,100,160,120,110,3,True
382,Kyogre,Kyogre,Water,,670,100,100,90,150,140,90,3,True
382,KyogrePrimal Kyogre,KyogrePrimal Kyogre,Water,,770,100,150,90,180,160,90,3,True
383,Groudon,Groudon,Ground,,670,100,150,140,100,90,90,3,True
383,GroudonPrimal Groudon,GroudonPrimal Groudon,Ground,Fire,770,100,180,160,150,90,90,3,True
384,Rayquaza,Rayquaza,Dragon,Flying,680,105,150,90,150,90,95,3,True
384,RayquazaMega Rayquaza,RayquazaMega Rayquaza,Dragon,Flying,780,105,180,100,180,100,115,3,True
385,Jirachi,Jirachi,Steel,Psychic,600,100,100,100,100,100,100,3,True
386,DeoxysNormal Forme,DeoxysNormal Forme,Psychic,,600,50,150,50,150,50,150,3,True
386,DeoxysAttack Forme,DeoxysAttack Forme,Psychic,,600,50,180,20,180,20,150,3,True
386,DeoxysDefense Forme,DeoxysDefense Forme,Psychic,,600,50,70,160,70,160,90,3,True
386,DeoxysSpeed Forme,DeoxysSpeed Forme,Psychic,,600,50,95,90,95,90,180,3,True
387,Turtwig,Tortipouss,Grass,,318,55,68,64,45,55,31,4,False
388,Grotle,Boskara,Grass,,405,75,89,85,55,65,36,4,False
389,Torterra,Torterra,Grass,Ground,525,95,109,105,75,85,56,4,False
390,Chimchar,Ouisticram,Fire,,309,44,58,44,58,44,61,4,False
391,Monferno,Chimpenfeu,Fire,Fighting,405,64,78,52,78,52,81,4,False
392,Infernape,Simiabraz,Fire,Fighting,534,76,104,71,104,71,108,4,False
393,Piplup,Tiplouf,Water,,314,53,51,53,61,56,40,4,False
394,Prinplup,Prinplouf,Water,,405,64,66,68,81,76,50,4,False
395,Empoleon,Pingoléon,Water,Steel,530,84,86,88,111,101,60,4,False
396,Starly,Étourmi,Normal,Flying,245,40,55,30,30,30,60,4,False
397,Staravia,Étourvol,Normal,Flying,340,55,75,50,40,40,80,4,False
398,Staraptor,Étouraptor,Normal,Flying,485,85,120,70,50,60,100,4,False
399,Bidoof,Keunotor,Normal,,250,59,45,40,35,40,31,4,False
400,Bibarel,Castorno,Normal,Water,410,79,85,60,55,60,71,4,False
401,Kricketot,Crikzik,Bug,,194,37,25,41,25,41,25,4,False
402,Kricketune,Mélokrik,Bug,,384,77,85,51,55,51,65,4,False
403,Shinx,Lixy,Electric,,263,45,65,34,40,34,45,4,False
404,Luxio,Luxio,Electric,,363,60,85,49,60,49,60,4,False
405,Luxray,Luxray,Electric,,523,80,120,79,95,79,70,4,False
406,Budew,Rozbouton,Grass,Poison,280,40,30,35,50,70,55,4,False
407,Roserade,Roserade,Grass,Poison,515,60,70,65,125,105,90,4,False
408,Cranidos,Kranidos,Rock,,350,67,125,40,30,30,58,4,False
409,Rampardos,Charkos,Rock,,495,97,165,60,65,50,58,4,False
410,Shieldon,Dinoclier,Rock,Steel,350,30,42,118,42,88,30,4,False
411,Bastiodon,Bastiodon,Rock,Steel,495,60,52,168,47,138,30,4,False
412,Burmy,Cheniti,Bug,,224,40,29,45,29,45,36,4,False
413,WormadamPlant Cloak,WormadamPlant Cloak,Bug,Grass,424,60,59,85,79,105,36,4,False
413,WormadamSandy Cloak,WormadamSandy Cloak,Bug,Ground,424,60,79,105,59,85,36,4,False
413,WormadamTrash Cloak,WormadamTrash Cloak,Bug,Steel,424,60,69,95,69,95,36,4,False
414,Mothim,Papilord,Bug,Flying,424,70,94,50,94,50,66,4,False
415,Combee,Apitrini,Bug,Flying,244,30,30,42,30,42,70,4,False
416,Vespiquen,Apireine,Bug,Flying,474,70,80,102,80,102,40,4,False
417,Pachirisu,Pachirisu,Electric,,405,60,45,70,45,90,95,4,False
418,Buizel,Mustébouée,Water,,330,55,65,35,60,30,85,4,False
419,Floatzel,Mustéflott,Water,,495,85,105,55,85,50,115,4,False
420,Cherubi,Ceribou,Grass,,275,45,35,45,62,53,35,4,False
421,Cherrim,Ceriflor,Grass,,450,70,60,70,87,78,85,4,False
422,Shellos,Sancoki,Water,,325,76,48,48,57,62,34,4,False
423,Gastrodon,Tritosor,Water,Ground,475,111,83,68,92,82,39,4,False
424,Ambipom,Capidextre,Normal,,482,75,100,66,60,66,115,4,False
425,Drifloon,Baudrive,Ghost,Flying,348,90,50,34,60,44,70,4,False
426,Drifblim,Grodrive,Ghost,Flying,498,150,80,44,90,54,80,4,False
427,Buneary,Laporeille,Normal,,350,55,66,44,44,56,85,4,False
428,Lopunny,Lockpin,Normal,,480,65,76,84,54,96,105,4,False
428,LopunnyMega Lopunny,LopunnyMega Lockpin,Normal,Fighting,580,65,136,94,54,96,135,4,False
429,Mismagius,Magirêve,Ghost,,495,60,60,60,105,105,105,4,False
430,Honchkrow,Corboss,Dark,Flying,505,100,125,52,105,52,71,4,False
431,Glameow,Chaglam,Normal,,310,49,55,42,42,37,85,4,False
432,Purugly,Chaffreux,Normal,,452,71,82,64,64,59,112,4,False
433,Chingling,Korillon,Psychic,,285,45,30,50,65,50,45,4,False
434,Stunky,Moufouette,Poison,Dark,329,63,63,47,41,41,74,4,False
435,Skuntank,Moufflair,Poison,Dark,479,103,93,67,71,61,84,4,False
436,Bronzor,Archéomire,Steel,Psychic,300,57,24,86,24,86,23,4,False
437,Bronzong,Archéodong,Steel,Psychic,500,67,89,116,79,116,33,4,False
438,Bonsly,Manzaï,Rock,,290,50,80,95,10,45,10,4,False
439,Mime Jr.,Mime Jr.,Psychic,Fairy,310,20,25,45,70,90,60,4,False
440,Happiny,Ptiravi,Normal,,220,100,5,5,15,65,30,4,False
441,Chatot,Pijako,Normal,Flying,411,76,65,45,92,42,91,4,False
442,Spiritomb,Spiritomb,Ghost,Dark,485,50,92,108,92,108,35,4,False
443,Gible,Griknot,Dragon,Ground,300,58,70,45,40,45,42,4,False
444,Gabite,Carmache,Dragon,Ground,410,68,90,65,50,55,82,4,False
445,Garchomp,Carchacrok,Dragon,Ground,600,108,130,95,80,85,102,4,False
445,GarchompMega Garchomp,GarchompMega Carchacrok,Dragon,Ground,700,108,170,115,120,95,92,4,False
446,Munchlax,Goinfrex,Normal,,390,135,85,40,40,85,5,4,False
447,Riolu,Riolu,Fighting,,285,40,70,40,35,40,60,4,False
448,Lucario,Lucario,Fighting,Steel,525,70,110,70,115,70,90,4,False
448,LucarioMega Lucario,LucarioMega Lucario,Fighting,Steel,625,70,145,88,140,70,112,4,False
449,Hippopotas,Hippopotas,Ground,,330,68,72,78,38,42,32,4,False
450,Hippowdon,Hippodocus,Ground,,525,108,112,118,68,72,47,4,False
451,Skorupi,Rapion,Poison,Bug,330,40,50,90,30,55,65,4,False
452,Drapion,Drascore,Poison,Dark,500,70,90,110,60,75,95,4,False
453,Croagunk,Cradopaud,Poison,Fighting,300,48,61,40,61,40,50,4,False
454,Toxicroak,Coatox,Poison,Fighting,490,83,106,65,86,65,85,4,False
455,Carnivine,Vortente,Grass,,454,74,100,72,90,72,46,4,False
456,Finneon,Écayon,Water,,330,49,49,56,49,61,66,4,False
457,Lumineon,Luminéon,Water,,460,69,69,76,69,86,91,4,False
458,Mantyke,Babimanta,Water,Flying,345,45,20,50,60,120,50,4,False
459,Snover,Blizzi,Grass,Ice,334,60,62,50,62,60,40,4,False
460,Abomasnow,Blizzaroi,Grass,Ice,494,90,92,75,92,85,60,4,False
460,AbomasnowMega Abomasnow,AbomasnowMega Blizzaroi,Grass,Ice,594,90,132,105,132,105,30,4,False
461,Weavile,Dimoret,Dark,Ice,510,70,120,65,45,85,125,4,False
462,Magnezone,Magnézone,Electric,Steel,535,70,70,115,130,90,60,4,False
463,Lickilicky,Coudlangue,Normal,,515,110,85,95,80,95,50,4,False
464,Rhyperior,Rhinastoc,Ground,Rock,535,115,140,130,55,55,40,4,False
465,Tangrowth,Bouldeneu,Grass,,535,100,100,125,110,50,50,4,False
466,Electivire,Élekable,Electric,,540,75,123,67,95,85,95,4,False
467,Magmortar,Maganon,Fire,,540,75,95,67,125,95,83,4,False
468,Togekiss,Togekiss,Fairy,Flying,545,85,50,95,120,115,80,4,False
469,Yanmega,Yanmega,Bug,Flying,515,86,76,86,116,56,95,4,False
470,Leafeon,Phyllali,Grass,,525,65,110,130,60,65,95,4,False
471,Glaceon,Givrali,Ice,,525,65,60,110,130,95,65,4,False
472,Gliscor,Scorvol,Ground,Flying,510,75,95,125,45,75,95,4,False
473,Mamoswine,Mammochon,Ice,Ground,530,110,130,80,70,60,80,4,False
474,Porygon-Z,Porygon-Z,Normal,,535,85,80,70,135,75,90,4,False
475,Gallade,Gallame,Psychic,Fighting,518,68,125,65,65,115,80,4,False
475,GalladeMega Gallade,GalladeMega Gallame,Psychic,Fighting,618,68,165,95,65,115,110,4,False
476,Probopass,Tarinorme,Rock,Steel,525,60,55,145,75,150,40,4,False
477,Dusknoir,Noctunoir,Ghost,,525,45,100,135,65,135,45,4,False
478,Froslass,Momartik,Ice,Ghost,480,70,80,70,80,70,110,4,False
479,Rotom,Motisma,Electric,Ghost,440,50,50,77,95,77,91,4,False
479,RotomHeat Rotom,RotomHeat Motisma,Electric,Fire,520,50,65,107,105,107,86,4,False
479,RotomWash Rotom,RotomWash Motisma,Electric,Water,520,50,65,107,105,107,86,4,False
479,RotomFrost Rotom,RotomFrost Motisma,Electric,Ice,520,50,65,107,105,107,86,4,False
479,RotomFan Rotom,RotomFan Motisma,Electric,Flying,520,50,65,107,105,107,86,4,False
479,RotomMow Rotom,RotomMow Motisma,Electric,Grass,520,50,65,107,105,107,86,4,False
480,Uxie,Créhelf,Psychic,,580,75,75,130,75,130,95,4,True
481,Mesprit,Créfollet,Psychic,,580,80,105,105,105,105,80,4,True
482,Azelf,Créfadet,Psychic,,580,75,125,70,125,70,115,4,True
483,Dialga,Dialga,Steel,Dragon,680,100,120,120,150,100,90,4,True
484,Palkia,Palkia,Water,Dragon,680,90,120,100,150,120,100,4,True
485,Heatran,Heatran,Fire,Steel,600,91,90,106,130,106,77,4,True
486,Regigigas,Regigigas,Normal,,670,110,160,110,80,110,100,4,True
487,GiratinaAltered Forme,GiratinaAltered Forme,Ghost,Dragon,680,150,100,120,100,120,90,4,True
487,GiratinaOrigin Forme,GiratinaOrigin Forme,Ghost,Dragon,680,150,120,100,120,100,90,4,True
488,Cresselia,Cresselia,Psychic,,600,120,70,120,75,130,85,4,False
489,Phione,Phione,Water,,480,80,80,80,80,80,80,4,False
490,Manaphy,Manaphy,Water,,600,100,100,100,100,100,100,4,False
491,Darkrai,Darkrai,Dark,,600,70,90,90,135,90,125,4,True
492,ShayminLand Forme,ShayminLand Forme,Grass,,600,100,100,100,100,100,100,4,True
492,ShayminSky Forme,ShayminSky Forme,Grass,Flying,600,100,103,75,120,75,127,4,True
493,Arceus,Arceus,Normal,,720,120,120,120,120,120,120,4,True
494,Victini,Victini,Psychic,Fire,600,100,100,100,100,100,100,5,True
495,Snivy,Vipélierre,Grass,,308,45,45,55,45,55,63,5,False
496,Servine,Lianaja,Grass,,413,60,60,75,60,75,83,5,False
497,Serperior,Majaspic,Grass,,528,75,75,95,75,95,113,5,False
498,Tepig,Gruikui,Fire,,308,65,63,45,45,45,45,5,False
499,Pignite,Grotichon,Fire,Fighting,418,90,93,55,70,55,55,5,False
500,Emboar,Roitiflam,Fire,Fighting,528,110,123,65,100,65,65,5,False
501,Oshawott,Moustillon,Water,,308,55,55,45,63,45,45,5,False
502,Dewott,Mateloutre,Water,,413,75,75,60,83,60,60,5,False
503,Samurott,Clamiral,Water,,528,95,100,85,108,70,70,5,False
504,Patrat,Ratentif,Normal,,255,45,55,39,35,39,42,5,False
505,Watchog,Miradar,Normal,,420,60,85,69,60,69,77,5,False
506,Lillipup,Ponchiot,Normal,,275,45,60,45,25,45,55,5,False
507,Herdier,Ponchien,Normal,,370,65,80,65,35,65,60,5,False
508,Stoutland,Mastouffe,Normal,,500,85,110,90,45,90,80,5,False
509,Purrloin,Chacripan,Dark,,281,41,50,37,50,37,66,5,False
510,Liepard,Léopardus,Dark,,446,64,88,50,88,50,106,5,False
511,Pansage,Feuillajou,Grass,,316,50,53,48,53,48,64,5,False
512,Simisage,Feuiloutan,Grass,,498,75,98,63,98,63,101,5,False
513,Pansear,Flamajou,Fire,,316,50,53,48,53,48,64,5,False
514,Simisear,Flamoutan,Fire,,498,75,98,63,98,63,101,5,False
515,Panpour,Flotajou,Water,,316,50,53,48,53,48,64,5,False
516,Simipour,Flotoutan,Water,,498,75,98,63,98,63,101,5,False
517,Munna,Munna,Psychic,,292,76,25,45,67,55,24,5,False
518,Musharna,Mushana,Psychic,,487,116,55,85,107,95,29,5,False
519,Pidove,Poichigeon,Normal,Flying,264,50,55,50,36,30,43,5,False
520,Tranquill,Colombeau,Normal,Flying,358,62,77,62,50,42,65,5,False
521,Unfezant,Déflaisan,Normal,Flying,488,80,115,80,65,55,93,5,False
522,Blitzle,Zébibron,Electric,,295,45,60,32,50,32,76,5,False
523,Zebstrika,Zéblitz,Electric,,497,75,100,63,80,63,116,5,False
524,Roggenrola,Nodulithe,Rock,,280,55,75,85,25,25,15,5,False
525,Boldore,Géolithe,Rock,,390,70,105,105,50,40,20,5,False
526,Gigalith,Gigalithe,Rock,,515,85,135,130,60,80,25,5,False
527,Woobat,Chovsourir,Psychic,Flying,313,55,45,43,55,43,72,5,False
528,Swoobat,Rhinolove,Psychic,Flying,425,67,57,55,77,55,114,5,False
529,Drilbur,Rototaupe,Ground,,328,60,85,40,30,45,68,5,False
530,Excadrill,Minotaupe,Ground,Steel,508,110,135,60,50,65,88,5,False
531,Audino,Nanméouïe,Normal,,445,103,60,86,60,86,50,5,False
531,AudinoMega Audino,AudinoMega Nanméouïe,Normal,Fairy,545,103,60,126,80,126,50,5,False
532,Timburr,Charpenti,Fighting,,305,75,80,55,25,35,35,5,False
533,Gurdurr,Ouvrifier,Fighting,,405,85,105,85,40,50,40,5,False
534,Conkeldurr,Bétochef,Fighting,,505,105,140,95,55,65,45,5,False
535,Tympole,Tritonde,Water,,294,50,50,40,50,40,64,5,False
536,Palpitoad,Batracné,Water,Ground,384,75,65,55,65,55,69,5,False
537,Seismitoad,Crapustule,Water,Ground,509,105,95,75,85,75,74,5,False
538,Throh,Judokrak,Fighting,,465,120,100,85,30,85,45,5,False
539,Sawk,Karaclée,Fighting,,465,75,125,75,30,75,85,5,False
540,Sewaddle,Larveyette,Bug,Grass,310,45,53,70,40,60,42,5,False
541,Swadloon,Couverdure,Bug,Grass,380,55,63,90,50,80,42,5,False
542,Leavanny,Manternel,Bug,Grass,500,75,103,80,70,80,92,5,False
543,Venipede,Venipatte,Bug,Poison,260,30,45,59,30,39,57,5,False
544,Whirlipede,Scobolide,Bug,Poison,360,40,55,99,40,79,47,5,False
545,Scolipede,Brutapode,Bug,Poison,485,60,100,89,55,69,112,5,False
546,Cottonee,Doudouvet,Grass,Fairy,280,40,27,60,37,50,66,5,False
547,Whimsicott,Farfaduvet,Grass,Fairy,480,60,67,85,77,75,116,5,False
548,Petilil,Chlorobule,Grass,,280,45,35,50,70,50,30,5,False
549,Lilligant,Fragilady,Grass,,480,70,60,75,110,75,90,5,False
550,Basculin,Bargantua,Water,,460,70,92,65,80,55,98,5,False
551,Sandile,Mascaïman,Ground,Dark,292,50,72,35,35,35,65,5,False
552,Krokorok,Escroco,Ground,Dark,351,60,82,45,45,45,74,5,False
553,Krookodile,Crocorible,Ground,Dark,519,95,117,80,65,70,92,5,False
554,Darumaka,Darumarond,Fire,,315,70,90,45,15,45,50,5,False
555,DarmanitanStandard Mode,DarmanitanStandard Mode,Fire,,480,105,140,55,30,55,95,5,False
555,DarmanitanZen Mode,DarmanitanZen Mode,Fire,Psychic,540,105,30,105,140,105,55,5,False
556,Maractus,Maracachi,Grass,,461,75,86,67,106,67,60,5,False
557,Dwebble,Crabicoque,Bug,Rock,325,50,65,85,35,35,55,5,False
558,Crustle,Crabaraque,Bug,Rock,475,70,95,125,65,75,45,5,False
559,Scraggy,Baggiguane,Dark,Fighting,348,50,75,70,35,70,48,5,False
560,Scrafty,Baggaïd,Dark,Fighting,488,65,90,115,45,115,58,5,False
561,Sigilyph,Cryptéro,Psychic,Flying,490,72,58,80,103,80,97,5,False
562,Yamask,Tutafeh,Ghost,,303,38,30,85,55,65,30,5,False
563,Cofagrigus,Tutankafer,Ghost,,483,58,50,145,95,105,30,5,False
564,Tirtouga,Carapagos,Water,Rock,355,54,78,103,53,45,22,5,False
565,Carracosta,Mégapagos,Water,Rock,495,74,108,133,83,65,32,5,False
566,Archen,Arkéapti,Rock,Flying,401,55,112,45,74,45,70,5,False
567,Archeops,Aéroptéryx,Rock,Flying,567,75,140,65,112,65,110,5,False
568,Trubbish,Miamiasme,Poison,,329,50,50,62,40,62,65,5,False
569,Garbodor,Miasmax,Poison,,474,80,95,82,60,82,75,5,False
570,Zorua,Zorua,Dark,,330,40,65,40,80,40,65,5,False
571,Zoroark,Zoroark,Dark,,510,60,105,60,120,60,105,5,False
572,Minccino,Chinchidou,Normal,,300,55,50,40,40,40,75,5,False
573,Cinccino,Pashmilla,Normal,,470,75,95,60,65,60,115,5,False
574,Gothita,Scrutella,Psychic,,290,45,30,50,55,65,45,5,False
575,Gothorita,Mesmérella,Psychic,,390,60,45,70,75,85,55,5,False
576,Gothitelle,Sidérella,Psychic,,490,70,55,95,95,110,65,5,False
577,Solosis,Nucléos,Psychic,,290,45,30,40,105,50,20,5,False
578,Duosion,Méios,Psychic,,370,65,40,50,125,60,30,5,False
579,Reuniclus,Symbios,Psychic,,490,110,65,75,125,85,30,5,False
580,Ducklett,Couaneton,Water,Flying,305,62,44,50,44,50,55,5,False
581,Swanna,Lakmécygne,Water,Flying,473,75,87,63,87,63,98,5,False
582,Vanillite,Sorbébé,Ice,,305,36,50,50,65,60,44,5,False
583,Vanillish,Sorboul,Ice,,395,51,65,65,80,75,59,5,False
584,Vanilluxe,Sorbouboul,Ice,,535,71,95,85,110,95,79,5,False
585,Deerling,Vivaldaim,Normal,Grass,335,60,60,50,40,50,75,5,False
586,Sawsbuck,Haydaim,Normal,Grass,475,80,100,70,60,70,95,5,False
587,Emolga,Emolga,Electric,Flying,428,55,75,60,75,60,103,5,False
588,Karrablast,Carabing,Bug,,315,50,75,45,40,45,60,5,False
589,Escavalier,Lançargot,Bug,Steel,495,70,135,105,60,105,20,5,False
590,Foongus,Trompignon,Grass,Poison,294,69,55,45,55,55,15,5,False
591,Amoonguss,Gaulet,Grass,Poison,464,114,85,70,85,80,30,5,False
592,Frillish,Viskuse,Water,Ghost,335,55,40,50,65,85,40,5,False
593,Jellicent,Moyade,Water,Ghost,480,100,60,70,85,105,60,5,False
594,Alomomola,Mamanbo,Water,,470,165,75,80,40,45,65,5,False
595,Joltik,Statitik,Bug,Electric,319,50,47,50,57,50,65,5,False
596,Galvantula,Mygavolt,Bug,Electric,472,70,77,60,97,60,108,5,False
597,Ferroseed,Grindur,Grass,Steel,305,44,50,91,24,86,10,5,False
598,Ferrothorn,Noacier,Grass,Steel,489,74,94,131,54,116,20,5,False
599,Klink,Tic,Steel,,300,40,55,70,45,60,30,5,False
600,Klang,Clic,Steel,,440,60,80,95,70,85,50,5,False
601,Klinklang,Cliticlic,Steel,,520,60,100,115,70,85,90,5,False
602,Tynamo,Anchwatt,Electric,,275,35,55,40,45,40,60,5,False
603,Eelektrik,Lampéroie,Electric,,405,65,85,70,75,70,40,5,False
604,Eelektross,Ohmassacre,Electric,,515,85,115,80,105,80,50,5,False
605,Elgyem,Lewsor,Psychic,,335,55,55,55,85,55,30,5,False
606,Beheeyem,Neitram,Psychic,,485,75,75,75,125,95,40,5,False
607,Litwick,Funécire,Ghost,Fire,275,50,30,55,65,55,20,5,False
608,Lampent,Mélancolux,Ghost,Fire,370,60,40,60,95,60,55,5,False
609,Chandelure,Lugulabre,Ghost,Fire,520,60,55,90,145,90,80,5,False
610,Axew,Coupenotte,Dragon,,320,46,87,60,30,40,57,5,False
611,Fraxure,Incisache,Dragon,,410,66,117,70,40,50,67,5,False
612,Haxorus,Tranchodon,Dragon,,540,76,147,90,60,70,97,5,False
613,Cubchoo,Polarhume,Ice,,305,55,70,40,60,40,40,5,False
614,Beartic,Polagriffe,Ice,,485,95,110,80,70,80,50,5,False
615,Cryogonal,Hexagel,Ice,,485,70,50,30,95,135,105,5,False
616,Shelmet,Escargaume,Bug,,305,50,40,85,40,65,25,5,False
617,Accelgor,Limaspeed,Bug,,495,80,70,40,100,60,145,5,False
618,Stunfisk,Limonde,Ground,Electric,471,109,66,84,81,99,32,5,False
619,Mienfoo,Kungfouine,Fighting,,350,45,85,50,55,50,65,5,False
620,Mienshao,Shaofouine,Fighting,,510,65,125,60,95,60,105,5,False
621,Druddigon,Drakkarmin,Dragon,,485,77,120,90,60,90,48,5,False
622,Golett,Gringolem,Ground,Ghost,303,59,74,50,35,50,35,5,False
623,Golurk,Golemastoc,Ground,Ghost,483,89,124,80,55,80,55,5,False
624,Pawniard,Scalpion,Dark,Steel,340,45,85,70,40,40,60,5,False
625,Bisharp,Scalproie,Dark,Steel,490,65,125,100,60,70,70,5,False
626,Bouffalant,Frison,Normal,,490,95,110,95,40,95,55,5,False
627,Rufflet,Furaiglon,Normal,Flying,350,70,83,50,37,50,60,5,False
628,Braviary,Gueriaigle,Normal,Flying,510,100,123,75,57,75,80,5,False
629,Vullaby,Vostourno,Dark,Flying,370,70,55,75,45,65,60,5,False
630,Mandibuzz,Vaututrice,Dark,Flying,510,110,65,105,55,95,80,5,False
631,Heatmor,Aflamanoir,Fire,,484,85,97,66,105,66,65,5,False
632,Durant,Fermite,Bug,Steel,484,58,109,112,48,48,109,5,False
633,Deino,Solochi,Dark,Dragon,300,52,65,50,45,50,38,5,False
634,Zweilous,Diamat,Dark,Dragon,420,72,85,70,65,70,58,5,False
635,Hydreigon,Trioxhydre,Dark,Dragon,600,92,105,90,125,90,98,5,False
636,Larvesta,Pyronille,Bug,Fire,360,55,85,55,50,55,60,5,False
637,Volcarona,Pyrax,Bug,Fire,550,85,60,65,135,105,100,5,False
638,Cobalion,Cobaltium,Steel,Fighting,580,91,90,129,90,72,108,5,True
639,Terrakion,Terrakium,Rock,Fighting,580,91,129,90,72,90,108,5,True
640,Virizion,Viridium,Grass,Fighting,580,91,90,72,90,129,108,5,True
641,TornadusIncarnate Forme,TornadusIncarnate Forme,Flying,,580,79,115,70,125,80,111,5,True
641,TornadusTherian Forme,TornadusTherian Forme,Flying,,580,79,100,80,110,90,121,5,True
642,ThundurusIncarnate Forme,ThundurusIncarnate Forme,Electric,Flying,580,79,115,70,125,80,111,5,True
642,ThundurusTherian Forme,ThundurusTherian Forme,Electric,Flying,580,79,105,70,145,80,101,5,True
643,Reshiram,Reshiram,Dragon,Fire,680,100,120,100,150,120,90,5,True
644,Zekrom,Zekrom,Dragon,Electric,680,100,150,120,120,100,90,5,True
645,LandorusIncarnate Forme,LandorusIncarnate Forme,Ground,Flying,600,89,125,90,115,80,101,5,True
645,LandorusTherian Forme,LandorusTherian Forme,Ground,Flying,600,89,145,90,105,80,91,5,True
646,Kyurem,Kyurem,Dragon,Ice,660,125,130,90,130,90,95,5,True
646,KyuremBlack Kyurem,KyuremBlack Kyurem,Dragon,Ice,700,125,170,100,120,90,95,5,True
646,KyuremWhite Kyurem,KyuremWhite Kyurem,Dragon,Ice,700,125,120,90,170,100,95,5,True
647,KeldeoOrdinary Forme,KeldeoOrdinary Forme,Water,Fighting,580,91,72,90,129,90,108,5,False
647,KeldeoResolute Forme,KeldeoResolute Forme,Water,Fighting,580,91,72,90,129,90,108,5,False
648,MeloettaAria Forme,MeloettaAria Forme,Normal,Psychic,600,100,77,77,128,128,90,5,False
648,MeloettaPirouette Forme,MeloettaPirouette Forme,Normal,Fighting,600,100,128,90,77,77,128,5,False
649,Genesect,Genesect,Bug,Steel,600,71,120,95,120,95,99,5,False
650,Chespin,Marisson,Grass,,313,56,61,65,48,45,38,6,False
651,Quilladin,Boguérisse,Grass,,405,61,78,95,56,58,57,6,False
652,Chesnaught,Blindépique,Grass,Fighting,530,88,107,122,74,75,64,6,False
653,Fennekin,Feunnec,Fire,,307,40,45,40,62,60,60,6,False
654,Braixen,Roussil,Fire,,409,59,59,58,90,70,73,6,False
655,Delphox,Goupelin,Fire,Psychic,534,75,69,72,114,100,104,6,False
656,Froakie,Grenousse,Water,,314,41,56,40,62,44,71,6,False
657,Frogadier,Croâporal,Water,,405,54,63,52,83,56,97,6,False
658,Greninja,Amphinobi,Water,Dark,530,72,95,67,103,71,122,6,False
659,Bunnelby,Sapereau,Normal,,237,38,36,38,32,36,57,6,False
660,Diggersby,Excavarenne,Normal,Ground,423,85,56,77,50,77,78,6,False
661,Fletchling,Passerouge,Normal,Flying,278,45,50,43,40,38,62,6,False
662,Fletchinder,Braisillon,Fire,Flying,382,62,73,55,56,52,84,6,False
663,Talonflame,Flambusard,Fire,Flying,499,78,81,71,74,69,126,6,False
664,Scatterbug,Lépidonille,Bug,,200,38,35,40,27,25,35,6,False
665,Spewpa,Pérégrain,Bug,,213,45,22,60,27,30,29,6,False
666,Vivillon,Prismillon,Bug,Flying,411,80,52,50,90,50,89,6,False
667,Litleo,Hélionceau,Fire,Normal,369,62,50,58,73,54,72,6,False
668,Pyroar,Némélios,Fire,Normal,507,86,68,72,109,66,106,6,False
669,Flabébé,Flabébé,Fairy,,303,44,38,39,61,79,42,6,False
670,Floette,Floette,Fairy,,371,54,45,47,75,98,52,6,False
671,Florges,Florges,Fairy,,552,78,65,68,112,154,75,6,False
672,Skiddo,Cabriolaine,Grass,,350,66,65,48,62,57,52,6,False
673,Gogoat,Chevroum,Grass,,531,123,100,62,97,81,68,6,False
674,Pancham,Pandespiègle,Fighting,,348,67,82,62,46,48,43,6,False
675,Pangoro,Pandarbare,Fighting,Dark,495,95,124,78,69,71,58,6,False
676,Furfrou,Couafarel,Normal,,472,75,80,60,65,90,102,6,False
677,Espurr,Psystigri,Psychic,,355,62,48,54,63,60,68,6,False
678,MeowsticMale,MeowsticMale,Psychic,,466,74,48,76,83,81,104,6,False
678,MeowsticFemale,MeowsticFemale,Psychic,,466,74,48,76,83,81,104,6,False
679,Honedge,Monorpale,Steel,Ghost,325,45,80,100,35,37,28,6,False
680,Doublade,Dimoclès,Steel,Ghost,448,59,110,150,45,49,35,6,False
681,AegislashBlade Forme,AegislashBlade Forme,Steel,Ghost,520,60,150,50,150,50,60,6,False
681,AegislashShield Forme,AegislashShield Forme,Steel,Ghost,520,60,50,150,50,150,60,6,False
682,Spritzee,Fluvetin,Fairy,,341,78,52,60,63,65,23,6,False
683,Aromatisse,Cocotine,Fairy,,462,101,72,72,99,89,29,6,False
684,Swirlix,Sucroquin,Fairy,,341,62,48,66,59,57,49,6,False
685,Slurpuff,Cupcanaille,Fairy,,480,82,80,86,85,75,72,6,False
686,Inkay,Sepiatop,Dark,Psychic,288,53,54,53,37,46,45,6,False
687,Malamar,Sepiatroce,Dark,Psychic,482,86,92,88,68,75,73,6,False
688,Binacle,Opermine,Rock,Water,306,42,52,67,39,56,50,6,False
689,Barbaracle,Golgopathe,Rock,Water,500,72,105,115,54,86,68,6,False
690,Skrelp,Venalgue,Poison,Water,320,50,60,60,60,60,30,6,False
691,Dragalge,Kravarech,Poison,Dragon,494,65,75,90,97,123,44,6,False
692,Clauncher,Flingouste,Water,,330,50,53,62,58,63,44,6,False
693,Clawitzer,Gamblast,Water,,500,71,73,88,120,89,59,6,False
694,Helioptile,Galvaran,Electric,Normal,289,44,38,33,61,43,70,6,False
695,Heliolisk,Iguolta,Electric,Normal,481,62,55,52,109,94,109,6,False
696,Tyrunt,Ptyranidur,Rock,Dragon,362,58,89,77,45,45,48,6,False
697,Tyrantrum,Rexillius,Rock,Dragon,521,82,121,119,69,59,71,6,False
698,Amaura,Amagara,Rock,Ice,362,77,59,50,67,63,46,6,False
699,Aurorus,Dragmara,Rock,Ice,521,123,77,72,99,92,58,6,False
700,Sylveon,Nymphali,Fairy,,525,95,65,65,110,130,60,6,False
701,Hawlucha,Brutalibré,Fighting,Flying,500,78,92,75,74,63,118,6,False
702,Dedenne,Dedenne,Electric,Fairy,431,67,58,57,81,67,101,6,False
703,Carbink,Strassie,Rock,Fairy,500,50,50,150,50,150,50,6,False
704,Goomy,Mucuscule,Dragon,,300,45,50,35,55,75,40,6,False
705,Sliggoo,Colimucus,Dragon,,452,68,75,53,83,113,60,6,False
706,Goodra,Muplodocus,Dragon,,600,90,100,70,110,150,80,6,False
707,Klefki,Trousselin,Steel,Fairy,470,57,80,91,80,87,75,6,False
708,Phantump,Brocélôme,Ghost,Grass,309,43,70,48,50,60,38,6,False
709,Trevenant,Desséliande,Ghost,Grass,474,85,110,76,65,82,56,6,False
710,PumpkabooAverage Size,PumpkabooAverage Size,Ghost,Grass,335,49,66,70,44,55,51,6,False
710,PumpkabooSmall Size,PumpkabooSmall Size,Ghost,Grass,335,44,66,70,44,55,56,6,False
710,PumpkabooLarge Size,PumpkabooLarge Size,Ghost,Grass,335,54,66,70,44,55,46,6,False
710,PumpkabooSuper Size,PumpkabooSuper Size,Ghost,Grass,335,59,66,70,44,55,41,6,False
711,GourgeistAverage Size,GourgeistAverage Size,Ghost,Grass,494,65,90,122,58,75,84,6,False
711,GourgeistSmall Size,GourgeistSmall Size,Ghost,Grass,494,55,85,122,58,75,99,6,False
711,GourgeistLarge Size,GourgeistLarge Size,Ghost,Grass,494,75,95,122,58,75,69,6,False
711,GourgeistSuper Size,GourgeistSuper Size,Ghost,Grass,494,85,100,122,58,75,54,6,False
712,Bergmite,Grelaçon,Ice,,304,55,69,85,32,35,28,6,False
713,Avalugg,Séracrawl,Ice,,514,95,117,184,44,46,28,6,False
714,Noibat,Sonistrelle,Flying,Dragon,245,40,30,35,45,40,55,6,False
715,Noivern,Bruyverne,Flying,Dragon,535,85,70,80,97,80,123,6,False
716,Xerneas,Xerneas,Fairy,,680,126,131,95,131,98,99,6,True
717,Yveltal,Yveltal,Dark,Flying,680,126,131,95,131,98,99,6,True
718,Zygarde50% Forme,Zygarde,Dragon,Ground,600,108,100,121,81,95,95,6,True
719,Diancie,Diancie,Rock,Fairy,600,50,100,150,100,150,50,6,True
719,DiancieMega Diancie,DiancieMega Diancie,Rock,Fairy,700,50,160,110,160,110,110,6,True
720,HoopaHoopa Confined,HoopaHoopa Confined,Psychic,Ghost,600,80,110,60,150,130,70,6,True
720,HoopaHoopa Unbound,HoopaHoopa Unbound,Psychic,Dark,680,80,160,60,170,130,80,6,True
721,Volcanion,Volcanion,Fire,Water,600,80,110,120,130,90,70,6,True
