id,Name,Type1,Type2,Total,HP,Attack,Defense,Sp. Atk,Sp. Def,Speed,Generation,Legendary
1,Bulbizarre,Plante,Poison,318,45,49,49,65,65,45,1,FALSE
2,Herbizarre,Plante,Poison,405,60,62,63,80,80,60,1,FALSE
3,Florizarre,Plante,Poison,525,80,82,83,100,100,80,1,FALSE
4,Salamèche,Feu,NA,309,39,52,43,60,50,65,1,FALSE
5,Reptincel,Feu,NA,405,58,64,58,80,65,80,1,FALSE
6,Dracaufeu,Feu,Vol,534,78,84,78,109,85,100,1,FALSE
7,Carapuce,Eau,NA,314,44,48,65,50,64,43,1,FALSE
8,Carabaffe,Eau,NA,405,59,63,80,65,80,58,1,FALSE
9,Tortank,Eau,NA,530,79,83,100,85,105,78,1,FALSE
10,Chenipan,Insecte,NA,195,45,30,35,20,20,45,1,FALSE
11,Chrysacier,Insecte,NA,205,50,20,55,25,25,30,1,FALSE
12,Papilusion,Insecte,Vol,395,60,45,50,90,80,70,1,FALSE
13,Aspicot,Insecte,Poison,195,40,35,30,20,20,50,1,FALSE
14,Coconfort,Insecte,Poison,205,45,25,50,25,25,35,1,FALSE
15,Dardargnan,Insecte,Poison,395,65,90,40,45,80,75,1,FALSE
16,Roucool,Normal,Vol,251,40,45,40,35,35,56,1,FALSE
17,Roucoups,Normal,Vol,349,63,60,55,50,50,71,1,FALSE
18,Roucarnage,Normal,Vol,479,83,80,75,70,70,101,1,FALSE
19,Rattata,Normal,NA,253,30,56,35,25,35,72,1,FALSE
20,Rattatac,Normal,NA,413,55,81,60,50,70,97,1,FALSE
21,Piafabec,Normal,Vol,262,40,60,30,31,31,70,1,FALSE
22,Rapasdepic,Normal,Vol,442,65,90,65,61,61,100,1,FALSE
23,Abo,Poison,NA,288,35,60,44,40,54,55,1,FALSE
24,Arbok,Poison,NA,438,60,85,69,65,79,80,1,FALSE
25,Pikachu,Électrik,NA,320,35,55,40,50,50,90,1,FALSE
26,Raichu,Électrik,NA,485,60,90,55,90,80,110,1,FALSE
27,Sabelette,Sol,NA,300,50,75,85,20,30,40,1,FALSE
28,Sablaireau,Sol,NA,450,75,100,110,45,55,65,1,FALSE
29,Nidoran<U+2640>,Poison,NA,275,55,47,52,40,40,41,1,FALSE
30,Nidorina,Poison,NA,365,70,62,67,55,55,56,1,FALSE
31,Nidoqueen,Poison,Sol,505,90,92,87,75,85,76,1,FALSE
32,Nidoran<U+2642>,Poison,NA,273,46,57,40,40,40,50,1,FALSE
33,Nidorino,Poison,NA,365,61,72,57,55,55,65,1,FALSE
34,Nidoking,Poison,Sol,505,81,102,77,85,75,85,1,FALSE
35,Mélofée,Fée,NA,323,70,45,48,60,65,35,1,FALSE
36,Mélodelfe,Fée,NA,483,95,70,73,95,90,60,1,FALSE
37,Goupix,Feu,NA,299,38,41,40,50,65,65,1,FALSE
38,Feunard,Feu,NA,505,73,76,75,81,100,100,1,FALSE
39,Rondoudou,Normal,Fée,270,115,45,20,45,25,20,1,FALSE
40,Grodoudou,Normal,Fée,435,140,70,45,85,50,45,1,FALSE
41,Nosferapti,Poison,Vol,245,40,45,35,30,40,55,1,FALSE
42,Nosferalto,Poison,Vol,455,75,80,70,65,75,90,1,FALSE
43,Mystherbe,Plante,Poison,320,45,50,55,75,65,30,1,FALSE
44,Ortide,Plante,Poison,395,60,65,70,85,75,40,1,FALSE
45,Rafflesia,Plante,Poison,490,75,80,85,110,90,50,1,FALSE
46,Paras,Insecte,Plante,285,35,70,55,45,55,25,1,FALSE
47,Parasect,Insecte,Plante,405,60,95,80,60,80,30,1,FALSE
48,Mimitoss,Insecte,Poison,305,60,55,50,40,55,45,1,FALSE
49,Aéromite,Insecte,Poison,450,70,65,60,90,75,90,1,FALSE
50,Taupiqueur,Sol,NA,265,10,55,25,35,45,95,1,FALSE
51,Triopikeur,Sol,NA,405,35,80,50,50,70,120,1,FALSE
52,Miaouss,Normal,NA,290,40,45,35,40,40,90,1,FALSE
53,Persian,Normal,NA,440,65,70,60,65,65,115,1,FALSE
54,Psykokwak,Eau,NA,320,50,52,48,65,50,55,1,FALSE
55,Akwakwak,Eau,NA,500,80,82,78,95,80,85,1,FALSE
56,Férosinge,Combat,NA,305,40,80,35,35,45,70,1,FALSE
57,Colossinge,Combat,NA,455,65,105,60,60,70,95,1,FALSE
58,Caninos,Feu,NA,350,55,70,45,70,50,60,1,FALSE
59,Arcanin,Feu,NA,555,90,110,80,100,80,95,1,FALSE
60,Ptitard,Eau,NA,300,40,50,40,40,40,90,1,FALSE
61,Têtarte,Eau,NA,385,65,65,65,50,50,90,1,FALSE
62,Tartard,Eau,Combat,510,90,95,95,70,90,70,1,FALSE
63,Abra,Psy,NA,310,25,20,15,105,55,90,1,FALSE
64,Kadabra,Psy,NA,400,40,35,30,120,70,105,1,FALSE
65,Alakazam,Psy,NA,500,55,50,45,135,95,120,1,FALSE
66,Machoc,Combat,NA,305,70,80,50,35,35,35,1,FALSE
67,Machopeur,Combat,NA,405,80,100,70,50,60,45,1,FALSE
68,Mackogneur,Combat,NA,505,90,130,80,65,85,55,1,FALSE
69,Chétiflor,Plante,Poison,300,50,75,35,70,30,40,1,FALSE
70,Boustiflor,Plante,Poison,390,65,90,50,85,45,55,1,FALSE
71,Empiflor,Plante,Poison,490,80,105,65,100,70,70,1,FALSE
72,Tentacool,Eau,Poison,335,40,40,35,50,100,70,1,FALSE
73,Tentacruel,Eau,Poison,515,80,70,65,80,120,100,1,FALSE
74,Racaillou,Roche,Sol,300,40,80,100,30,30,20,1,FALSE
75,Gravalanch,Roche,Sol,390,55,95,115,45,45,35,1,FALSE
76,Grolem,Roche,Sol,495,80,120,130,55,65,45,1,FALSE
77,Ponyta,Feu,NA,410,50,85,55,65,65,90,1,FALSE
78,Galopa,Feu,NA,500,65,100,70,80,80,105,1,FALSE
79,Ramoloss,Eau,Psy,315,90,65,65,40,40,15,1,FALSE
80,Flagadoss,Eau,Psy,490,95,75,110,100,80,30,1,FALSE
81,Magnéti,Électrik,Acier,325,25,35,70,95,55,45,1,FALSE
82,Magnéton,Électrik,Acier,465,50,60,95,120,70,70,1,FALSE
83,Canarticho,Normal,Vol,352,52,65,55,58,62,60,1,FALSE
84,Doduo,Normal,Vol,310,35,85,45,35,35,75,1,FALSE
85,Dodrio,Normal,Vol,460,60,110,70,60,60,100,1,FALSE
86,Otaria,Eau,NA,325,65,45,55,45,70,45,1,FALSE
87,Lamantine,Eau,Glace,475,90,70,80,70,95,70,1,FALSE
88,Tadmorv,Poison,NA,325,80,80,50,40,50,25,1,FALSE
89,Grotadmorv,Poison,NA,500,105,105,75,65,100,50,1,FALSE
90,Kokiyas,Eau,NA,305,30,65,100,45,25,40,1,FALSE
91,Crustabri,Eau,Glace,525,50,95,180,85,45,70,1,FALSE
92,Fantominus,Spectre,Poison,310,30,35,30,100,35,80,1,FALSE
93,Spectrum,Spectre,Poison,405,45,50,45,115,55,95,1,FALSE
94,Ectoplasma,Spectre,Poison,500,60,65,60,130,75,110,1,FALSE
95,Onix,Roche,Sol,385,35,45,160,30,45,70,1,FALSE
96,Soporifik,Psy,NA,328,60,48,45,43,90,42,1,FALSE
97,Hypnomade,Psy,NA,483,85,73,70,73,115,67,1,FALSE
98,Krabby,Eau,NA,325,30,105,90,25,25,50,1,FALSE
99,Krabboss,Eau,NA,475,55,130,115,50,50,75,1,FALSE
100,Voltorbe,Électrik,NA,330,40,30,50,55,55,100,1,FALSE
101,Électrode,Électrik,NA,480,60,50,70,80,80,140,1,FALSE
102,Noeunoeuf,Plante,Psy,325,60,40,80,60,45,40,1,FALSE
103,Noadkoko,Plante,Psy,520,95,95,85,125,65,55,1,FALSE
104,Osselait,Sol,NA,320,50,50,95,40,50,35,1,FALSE
105,Ossatueur,Sol,NA,425,60,80,110,50,80,45,1,FALSE
106,Kicklee,Combat,NA,455,50,120,53,35,110,87,1,FALSE
107,Tygnon,Combat,NA,455,50,105,79,35,110,76,1,FALSE
108,Excelangue,Normal,NA,385,90,55,75,60,75,30,1,FALSE
109,Smogo,Poison,NA,340,40,65,95,60,45,35,1,FALSE
110,Smogogo,Poison,NA,490,65,90,120,85,70,60,1,FALSE
111,Rhinocorne,Sol,Roche,345,80,85,95,30,30,25,1,FALSE
112,Rhinoféros,Sol,Roche,485,105,130,120,45,45,40,1,FALSE
113,Leveinard,Normal,NA,450,250,5,5,35,105,50,1,FALSE
114,Saquedeneu,Plante,NA,435,65,55,115,100,40,60,1,FALSE
115,Kangourex,Normal,NA,490,105,95,80,40,80,90,1,FALSE
116,Hypotrempe,Eau,NA,295,30,40,70,70,25,60,1,FALSE
117,Hypocéan,Eau,NA,440,55,65,95,95,45,85,1,FALSE
118,Poissirène,Eau,NA,320,45,67,60,35,50,63,1,FALSE
119,Poissoroy,Eau,NA,450,80,92,65,65,80,68,1,FALSE
120,Stari,Eau,NA,340,30,45,55,70,55,85,1,FALSE
121,Staross,Eau,Psy,520,60,75,85,100,85,115,1,FALSE
122,M. Mime,Psy,Fée,460,40,45,65,100,120,90,1,FALSE
123,Insécateur,Insecte,Vol,500,70,110,80,55,80,105,1,FALSE
124,Lippoutou,Glace,Psy,455,65,50,35,115,95,95,1,FALSE
125,Élektek,Électrik,NA,490,65,83,57,95,85,105,1,FALSE
126,Magmar,Feu,NA,495,65,95,57,100,85,93,1,FALSE
127,Scarabrute,Insecte,NA,500,65,125,100,55,70,85,1,FALSE
128,Tauros,Normal,NA,490,75,100,95,40,70,110,1,FALSE
129,Magicarpe,Eau,NA,200,20,10,55,15,20,80,1,FALSE
130,Léviator,Eau,Vol,540,95,125,79,60,100,81,1,FALSE
131,Lokhlass,Eau,Glace,535,130,85,80,85,95,60,1,FALSE
132,Métamorph,Normal,NA,288,48,48,48,48,48,48,1,FALSE
133,Évoli,Normal,NA,325,55,55,50,45,65,55,1,FALSE
134,Aquali,Eau,NA,525,130,65,60,110,95,65,1,FALSE
135,Voltali,Électrik,NA,525,65,65,60,110,95,130,1,FALSE
136,Pyroli,Feu,NA,525,65,130,60,95,110,65,1,FALSE
137,Porygon,Normal,NA,395,65,60,70,85,75,40,1,FALSE
138,Amonita,Roche,Eau,355,35,40,100,90,55,35,1,FALSE
139,Amonistar,Roche,Eau,495,70,60,125,115,70,55,1,FALSE
140,Kabuto,Roche,Eau,355,30,80,90,55,45,55,1,FALSE
141,Kabutops,Roche,Eau,495,60,115,105,65,70,80,1,FALSE
142,Ptéra,Roche,Vol,515,80,105,65,60,75,130,1,FALSE
143,Ronflex,Normal,NA,540,160,110,65,65,110,30,1,FALSE
144,Artikodin,Glace,Vol,580,90,85,100,95,125,85,1,TRUE
145,Électhor,Électrik,Vol,580,90,90,85,125,90,100,1,TRUE
146,Sulfura,Feu,Vol,580,90,100,90,125,85,90,1,TRUE
147,Minidraco,Dragon,NA,300,41,64,45,50,50,50,1,FALSE
148,Draco,Dragon,NA,420,61,84,65,70,70,70,1,FALSE
149,Dracolosse,Dragon,Vol,600,91,134,95,100,100,80,1,FALSE
150,Mewtwo,Psy,NA,680,106,110,90,154,90,130,1,TRUE
151,Mew,Psy,NA,600,100,100,100,100,100,100,1,FALSE
152,Germignon,Plante,NA,318,45,49,65,49,65,45,2,FALSE
153,Macronium,Plante,NA,405,60,62,80,63,80,60,2,FALSE
154,Méganium,Plante,NA,525,80,82,100,83,100,80,2,FALSE
155,Héricendre,Feu,NA,309,39,52,43,60,50,65,2,FALSE
156,Feurisson,Feu,NA,405,58,64,58,80,65,80,2,FALSE
157,Typhlosion,Feu,NA,534,78,84,78,109,85,100,2,FALSE
158,Kaiminus,Eau,NA,314,50,65,64,44,48,43,2,FALSE
159,Crocrodil,Eau,NA,405,65,80,80,59,63,58,2,FALSE
160,Aligatueur,Eau,NA,530,85,105,100,79,83,78,2,FALSE
161,Fouinette,Normal,NA,215,35,46,34,35,45,20,2,FALSE
162,Fouinar,Normal,NA,415,85,76,64,45,55,90,2,FALSE
163,Hoothoot,Normal,Vol,262,60,30,30,36,56,50,2,FALSE
164,Noarfang,Normal,Vol,442,100,50,50,76,96,70,2,FALSE
165,Coxy,Insecte,Vol,265,40,20,30,40,80,55,2,FALSE
166,Coxyclaque,Insecte,Vol,390,55,35,50,55,110,85,2,FALSE
167,Mimigal,Insecte,Poison,250,40,60,40,40,40,30,2,FALSE
168,Migalos,Insecte,Poison,390,70,90,70,60,60,40,2,FALSE
169,Nostenfer,Poison,Vol,535,85,90,80,70,80,130,2,FALSE
170,Loupio,Eau,Électrik,330,75,38,38,56,56,67,2,FALSE
171,Lanturn,Eau,Électrik,460,125,58,58,76,76,67,2,FALSE
172,Pichu,Électrik,NA,205,20,40,15,35,35,60,2,FALSE
173,Mélo,Fée,NA,218,50,25,28,45,55,15,2,FALSE
174,Toudoudou,Normal,Fée,210,90,30,15,40,20,15,2,FALSE
175,Togepi,Fée,NA,245,35,20,65,40,65,20,2,FALSE
176,Togetic,Fée,Vol,405,55,40,85,80,105,40,2,FALSE
177,Natu,Psy,Vol,320,40,50,45,70,45,70,2,FALSE
178,Xatu,Psy,Vol,470,65,75,70,95,70,95,2,FALSE
179,Wattouat,Électrik,NA,280,55,40,40,65,45,35,2,FALSE
180,Lainergie,Électrik,NA,365,70,55,55,80,60,45,2,FALSE
181,Pharamp,Électrik,NA,510,90,75,85,115,90,55,2,FALSE
182,Joliflor,Plante,NA,490,75,80,95,90,100,50,2,FALSE
183,Marill,Eau,Fée,250,70,20,50,20,50,40,2,FALSE
184,Azumarill,Eau,Fée,420,100,50,80,60,80,50,2,FALSE
185,Simularbre,Roche,NA,410,70,100,115,30,65,30,2,FALSE
186,Tarpaud,Eau,NA,500,90,75,75,90,100,70,2,FALSE
187,Granivol,Plante,Vol,250,35,35,40,35,55,50,2,FALSE
188,Floravol,Plante,Vol,340,55,45,50,45,65,80,2,FALSE
189,Cotovol,Plante,Vol,460,75,55,70,55,95,110,2,FALSE
190,Capumain,Normal,NA,360,55,70,55,40,55,85,2,FALSE
191,Tournegrin,Plante,NA,180,30,30,30,30,30,30,2,FALSE
192,Héliatronc,Plante,NA,425,75,75,55,105,85,30,2,FALSE
193,Yanma,Insecte,Vol,390,65,65,45,75,45,95,2,FALSE
194,Axoloto,Eau,Sol,210,55,45,45,25,25,15,2,FALSE
195,Maraiste,Eau,Sol,430,95,85,85,65,65,35,2,FALSE
196,Mentali,Psy,NA,525,65,65,60,130,95,110,2,FALSE
197,Noctali,Ténèbres,NA,525,95,65,110,60,130,65,2,FALSE
198,Cornèbre,Ténèbres,Vol,405,60,85,42,85,42,91,2,FALSE
199,Roigada,Eau,Psy,490,95,75,80,100,110,30,2,FALSE
200,Feuforêve,Spectre,NA,435,60,60,60,85,85,85,2,FALSE
201,Zarbi,Psy,NA,336,48,72,48,72,48,48,2,FALSE
202,Qulbutoké,Psy,NA,405,190,33,58,33,58,33,2,FALSE
203,Girafarig,Normal,Psy,455,70,80,65,90,65,85,2,FALSE
204,Pomdepik,Insecte,NA,290,50,65,90,35,35,15,2,FALSE
205,Foretress,Insecte,Acier,465,75,90,140,60,60,40,2,FALSE
206,Insolourdo,Normal,NA,415,100,70,70,65,65,45,2,FALSE
207,Scorplane,Sol,Vol,430,65,75,105,35,65,85,2,FALSE
208,Steelix,Acier,Sol,510,75,85,200,55,65,30,2,FALSE
209,Snubbull,Fée,NA,300,60,80,50,40,40,30,2,FALSE
210,Granbull,Fée,NA,450,90,120,75,60,60,45,2,FALSE
211,Qwilfish,Eau,Poison,430,65,95,75,55,55,85,2,FALSE
212,Cizayox,Insecte,Acier,500,70,130,100,55,80,65,2,FALSE
213,Caratroc,Insecte,Roche,505,20,10,230,10,230,5,2,FALSE
214,Scarhino,Insecte,Combat,500,80,125,75,40,95,85,2,FALSE
215,Farfuret,Ténèbres,Glace,430,55,95,55,35,75,115,2,FALSE
216,Teddiursa,Normal,NA,330,60,80,50,50,50,40,2,FALSE
217,Ursaring,Normal,NA,500,90,130,75,75,75,55,2,FALSE
218,Limagma,Feu,NA,250,40,40,40,70,40,20,2,FALSE
219,Volcaropod,Feu,Roche,410,50,50,120,80,80,30,2,FALSE
220,Marcacrin,Glace,Sol,250,50,50,40,30,30,50,2,FALSE
221,Cochignon,Glace,Sol,450,100,100,80,60,60,50,2,FALSE
222,Corayon,Eau,Roche,380,55,55,85,65,85,35,2,FALSE
223,Rémoraid,Eau,NA,300,35,65,35,65,35,65,2,FALSE
224,Octillery,Eau,NA,480,75,105,75,105,75,45,2,FALSE
225,Cadoizo,Glace,Vol,330,45,55,45,65,45,75,2,FALSE
226,Démanta,Eau,Vol,465,65,40,70,80,140,70,2,FALSE
227,Airmure,Acier,Vol,465,65,80,140,40,70,70,2,FALSE
228,Malosse,Ténèbres,Feu,330,45,60,30,80,50,65,2,FALSE
229,Démolosse,Ténèbres,Feu,500,75,90,50,110,80,95,2,FALSE
230,Hyporoi,Eau,Dragon,540,75,95,95,95,95,85,2,FALSE
231,Phanpy,Sol,NA,330,90,60,60,40,40,40,2,FALSE
232,Donphan,Sol,NA,500,90,120,120,60,60,50,2,FALSE
233,Porygon2,Normal,NA,515,85,80,90,105,95,60,2,FALSE
234,Cerfrousse,Normal,NA,465,73,95,62,85,65,85,2,FALSE
235,Queulorior,Normal,NA,250,55,20,35,20,45,75,2,FALSE
236,Debugant,Combat,NA,210,35,35,35,35,35,35,2,FALSE
237,Kapoera,Combat,NA,455,50,95,95,35,110,70,2,FALSE
238,Lippouti,Glace,Psy,305,45,30,15,85,65,65,2,FALSE
239,Élekid,Électrik,NA,360,45,63,37,65,55,95,2,FALSE
240,Magby,Feu,NA,365,45,75,37,70,55,83,2,FALSE
241,Écrémeuh,Normal,NA,490,95,80,105,40,70,100,2,FALSE
242,Leuphorie,Normal,NA,540,255,10,10,75,135,55,2,FALSE
243,Raikou,Électrik,NA,580,90,85,75,115,100,115,2,TRUE
244,Entei,Feu,NA,580,115,115,85,90,75,100,2,TRUE
245,Suicune,Eau,NA,580,100,75,115,90,115,85,2,TRUE
246,Embrylex,Roche,Sol,300,50,64,50,45,50,41,2,FALSE
247,Ymphect,Roche,Sol,410,70,84,70,65,70,51,2,FALSE
248,Tyranocif,Roche,Ténèbres,600,100,134,110,95,100,61,2,FALSE
249,Lugia,Psy,Vol,680,106,90,130,90,154,110,2,TRUE
250,Ho-Oh,Feu,Vol,680,106,130,90,110,154,90,2,TRUE
251,Celebi,Psy,Plante,600,100,100,100,100,100,100,2,FALSE
252,Arcko,Plante,NA,310,40,45,35,65,55,70,3,FALSE
253,Massko,Plante,NA,405,50,65,45,85,65,95,3,FALSE
254,Jungko,Plante,NA,530,70,85,65,105,85,120,3,FALSE
255,Poussifeu,Feu,NA,310,45,60,40,70,50,45,3,FALSE
256,Galifeu,Feu,Combat,405,60,85,60,85,60,55,3,FALSE
257,Braségali,Feu,Combat,530,80,120,70,110,70,80,3,FALSE
258,Gobou,Eau,NA,310,50,70,50,50,50,40,3,FALSE
259,Flobio,Eau,Sol,405,70,85,70,60,70,50,3,FALSE
260,Laggron,Eau,Sol,535,100,110,90,85,90,60,3,FALSE
261,Medhyèna,Ténèbres,NA,220,35,55,35,30,30,35,3,FALSE
262,Grahyèna,Ténèbres,NA,420,70,90,70,60,60,70,3,FALSE
263,Zigzaton,Normal,NA,240,38,30,41,30,41,60,3,FALSE
264,Linéon,Normal,NA,420,78,70,61,50,61,100,3,FALSE
265,Chenipotte,Insecte,NA,195,45,45,35,20,30,20,3,FALSE
266,Armulys,Insecte,NA,205,50,35,55,25,25,15,3,FALSE
267,Charmillon,Insecte,Vol,395,60,70,50,100,50,65,3,FALSE
268,Blindalys,Insecte,NA,205,50,35,55,25,25,15,3,FALSE
269,Papinox,Insecte,Poison,385,60,50,70,50,90,65,3,FALSE
270,Nénupiot,Eau,Plante,220,40,30,30,40,50,30,3,FALSE
271,Lombre,Eau,Plante,340,60,50,50,60,70,50,3,FALSE
272,Ludicolo,Eau,Plante,480,80,70,70,90,100,70,3,FALSE
273,Grainipiot,Plante,NA,220,40,40,50,30,30,30,3,FALSE
274,Pifeuil,Plante,Ténèbres,340,70,70,40,60,40,60,3,FALSE
275,Tengalice,Plante,Ténèbres,480,90,100,60,90,60,80,3,FALSE
276,Nirondelle,Normal,Vol,270,40,55,30,30,30,85,3,FALSE
277,Hélédelle,Normal,Vol,430,60,85,60,50,50,125,3,FALSE
278,Goélise,Eau,Vol,270,40,30,30,55,30,85,3,FALSE
279,Bekipan,Eau,Vol,430,60,50,100,85,70,65,3,FALSE
280,Tarsal,Psy,Fée,198,28,25,25,45,35,40,3,FALSE
281,Kirlia,Psy,Fée,278,38,35,35,65,55,50,3,FALSE
282,Gardevoir,Psy,Fée,518,68,65,65,125,115,80,3,FALSE
283,Arakdo,Insecte,Eau,269,40,30,32,50,52,65,3,FALSE
284,Maskadra,Insecte,Vol,414,70,60,62,80,82,60,3,FALSE
285,Balignon,Plante,NA,295,60,40,60,40,60,35,3,FALSE
286,Chapignon,Plante,Combat,460,60,130,80,60,60,70,3,FALSE
287,Parecool,Normal,NA,280,60,60,60,35,35,30,3,FALSE
288,Vigoroth,Normal,NA,440,80,80,80,55,55,90,3,FALSE
289,Monaflèmit,Normal,NA,670,150,160,100,95,65,100,3,FALSE
290,Ningale,Insecte,Sol,266,31,45,90,30,30,40,3,FALSE
291,Ninjask,Insecte,Vol,456,61,90,45,50,50,160,3,FALSE
292,Munja,Insecte,Spectre,236,1,90,45,30,30,40,3,FALSE
293,Chuchmur,Normal,NA,240,64,51,23,51,23,28,3,FALSE
294,Ramboum,Normal,NA,360,84,71,43,71,43,48,3,FALSE
295,Brouhabam,Normal,NA,490,104,91,63,91,73,68,3,FALSE
296,Makuhita,Combat,NA,237,72,60,30,20,30,25,3,FALSE
297,Hariyama,Combat,NA,474,144,120,60,40,60,50,3,FALSE
298,Azurill,Normal,Fée,190,50,20,40,20,40,20,3,FALSE
299,Tarinor,Roche,NA,375,30,45,135,45,90,30,3,FALSE
300,Skitty,Normal,NA,260,50,45,45,35,35,50,3,FALSE
301,Delcatty,Normal,NA,380,70,65,65,55,55,70,3,FALSE
302,Ténéfix,Ténèbres,Spectre,380,50,75,75,65,65,50,3,FALSE
303,Mysdibule,Acier,Fée,380,50,85,85,55,55,50,3,FALSE
304,Galekid,Acier,Roche,330,50,70,100,40,40,30,3,FALSE
305,Galegon,Acier,Roche,430,60,90,140,50,50,40,3,FALSE
306,Galeking,Acier,Roche,530,70,110,180,60,60,50,3,FALSE
307,Méditikka,Combat,Psy,280,30,40,55,40,55,60,3,FALSE
308,Charmina,Combat,Psy,410,60,60,75,60,75,80,3,FALSE
309,Dynavolt,Électrik,NA,295,40,45,40,65,40,65,3,FALSE
310,Élecsprint,Électrik,NA,475,70,75,60,105,60,105,3,FALSE
311,Posipi,Électrik,NA,405,60,50,40,85,75,95,3,FALSE
312,Négapi,Électrik,NA,405,60,40,50,75,85,95,3,FALSE
313,Muciole,Insecte,NA,400,65,73,55,47,75,85,3,FALSE
314,Lumivole,Insecte,NA,400,65,47,55,73,75,85,3,FALSE
315,Rosélia,Plante,Poison,400,50,60,45,100,80,65,3,FALSE
316,Gloupti,Poison,NA,302,70,43,53,43,53,40,3,FALSE
317,Avaltout,Poison,NA,467,100,73,83,73,83,55,3,FALSE
318,Carvanha,Eau,Ténèbres,305,45,90,20,65,20,65,3,FALSE
319,Sharpedo,Eau,Ténèbres,460,70,120,40,95,40,95,3,FALSE
320,Wailmer,Eau,NA,400,130,70,35,70,35,60,3,FALSE
321,Wailord,Eau,NA,500,170,90,45,90,45,60,3,FALSE
322,Chamallot,Feu,Sol,305,60,60,40,65,45,35,3,FALSE
323,Camérupt,Feu,Sol,460,70,100,70,105,75,40,3,FALSE
324,Chartor,Feu,NA,470,70,85,140,85,70,20,3,FALSE
325,Spoink,Psy,NA,330,60,25,35,70,80,60,3,FALSE
326,Groret,Psy,NA,470,80,45,65,90,110,80,3,FALSE
327,Spinda,Normal,NA,360,60,60,60,60,60,60,3,FALSE
328,Kraknoix,Sol,NA,290,45,100,45,45,45,10,3,FALSE
329,Vibraninf,Sol,Dragon,340,50,70,50,50,50,70,3,FALSE
330,Libégon,Sol,Dragon,520,80,100,80,80,80,100,3,FALSE
331,Cacnea,Plante,NA,335,50,85,40,85,40,35,3,FALSE
332,Cacturne,Plante,Ténèbres,475,70,115,60,115,60,55,3,FALSE
333,Tylton,Normal,Vol,310,45,40,60,40,75,50,3,FALSE
334,Altaria,Dragon,Vol,490,75,70,90,70,105,80,3,FALSE
335,Mangriff,Normal,NA,458,73,115,60,60,60,90,3,FALSE
336,Séviper,Poison,NA,458,73,100,60,100,60,65,3,FALSE
337,Séléroc,Roche,Psy,440,70,55,65,95,85,70,3,FALSE
338,Solaroc,Roche,Psy,440,70,95,85,55,65,70,3,FALSE
339,Barloche,Eau,Sol,288,50,48,43,46,41,60,3,FALSE
340,Barbicha,Eau,Sol,468,110,78,73,76,71,60,3,FALSE
341,Écrapince,Eau,NA,308,43,80,65,50,35,35,3,FALSE
342,Colhomard,Eau,Ténèbres,468,63,120,85,90,55,55,3,FALSE
343,Balbuto,Sol,Psy,300,40,40,55,40,70,55,3,FALSE
344,Kaorine,Sol,Psy,500,60,70,105,70,120,75,3,FALSE
345,Lilia,Roche,Plante,355,66,41,77,61,87,23,3,FALSE
346,Vacilys,Roche,Plante,495,86,81,97,81,107,43,3,FALSE
347,Anorith,Roche,Insecte,355,45,95,50,40,50,75,3,FALSE
348,Armaldo,Roche,Insecte,495,75,125,100,70,80,45,3,FALSE
349,Barpau,Eau,NA,200,20,15,20,10,55,80,3,FALSE
350,Milobellus,Eau,NA,540,95,60,79,100,125,81,3,FALSE
351,Morphéo,Normal,NA,420,70,70,70,70,70,70,3,FALSE
352,Kecleon,Normal,NA,440,60,90,70,60,120,40,3,FALSE
353,Polichombr,Spectre,NA,295,44,75,35,63,33,45,3,FALSE
354,Branette,Spectre,NA,455,64,115,65,83,63,65,3,FALSE
355,Skelénox,Spectre,NA,295,20,40,90,30,90,25,3,FALSE
356,Téraclope,Spectre,NA,455,40,70,130,60,130,25,3,FALSE
357,Tropius,Plante,Vol,460,99,68,83,72,87,51,3,FALSE
358,Éoko,Psy,NA,425,65,50,70,95,80,65,3,FALSE
359,Absol,Ténèbres,NA,465,65,130,60,75,60,75,3,FALSE
360,Okéoké,Psy,NA,260,95,23,48,23,48,23,3,FALSE
361,Stalgamin,Glace,NA,300,50,50,50,50,50,50,3,FALSE
362,Oniglali,Glace,NA,480,80,80,80,80,80,80,3,FALSE
363,Obalie,Glace,Eau,290,70,40,50,55,50,25,3,FALSE
364,Phogleur,Glace,Eau,410,90,60,70,75,70,45,3,FALSE
365,Kaimorse,Glace,Eau,530,110,80,90,95,90,65,3,FALSE
366,Coquiperl,Eau,NA,345,35,64,85,74,55,32,3,FALSE
367,Serpang,Eau,NA,485,55,104,105,94,75,52,3,FALSE
368,Rosabyss,Eau,NA,485,55,84,105,114,75,52,3,FALSE
369,Relicanth,Eau,Roche,485,100,90,130,45,65,55,3,FALSE
370,Lovdisc,Eau,NA,330,43,30,55,40,65,97,3,FALSE
371,Draby,Dragon,NA,300,45,75,60,40,30,50,3,FALSE
372,Drackhaus,Dragon,NA,420,65,95,100,60,50,50,3,FALSE
373,Drattak,Dragon,Vol,600,95,135,80,110,80,100,3,FALSE
374,Terhal,Acier,Psy,300,40,55,80,35,60,30,3,FALSE
375,Métang,Acier,Psy,420,60,75,100,55,80,50,3,FALSE
376,Métalosse,Acier,Psy,600,80,135,130,95,90,70,3,FALSE
377,Regirock,Roche,NA,580,80,100,200,50,100,50,3,TRUE
378,Regice,Glace,NA,580,80,50,100,100,200,50,3,TRUE
379,Registeel,Acier,NA,580,80,75,150,75,150,50,3,TRUE
380,Latias,Dragon,Psy,600,80,80,90,110,130,110,3,TRUE
381,Latios,Dragon,Psy,600,80,90,80,130,110,110,3,TRUE
382,Kyogre,Eau,NA,670,100,100,90,150,140,90,3,TRUE
383,Groudon,Sol,NA,670,100,150,140,100,90,90,3,TRUE
384,Rayquaza,Dragon,Vol,680,105,150,90,150,90,95,3,TRUE
385,Jirachi,Acier,Psy,600,100,100,100,100,100,100,3,TRUE
386,Deoxys,Psy,NA,600,50,150,50,150,50,150,3,TRUE
387,Tortipouss,Plante,NA,318,55,68,64,45,55,31,4,FALSE
388,Boskara,Plante,NA,405,75,89,85,55,65,36,4,FALSE
389,Torterra,Plante,Sol,525,95,109,105,75,85,56,4,FALSE
390,Ouisticram,Feu,NA,309,44,58,44,58,44,61,4,FALSE
391,Chimpenfeu,Feu,Combat,405,64,78,52,78,52,81,4,FALSE
392,Simiabraz,Feu,Combat,534,76,104,71,104,71,108,4,FALSE
393,Tiplouf,Eau,NA,314,53,51,53,61,56,40,4,FALSE
394,Prinplouf,Eau,NA,405,64,66,68,81,76,50,4,FALSE
395,Pingoléon,Eau,Acier,530,84,86,88,111,101,60,4,FALSE
396,Étourmi,Normal,Vol,245,40,55,30,30,30,60,4,FALSE
397,Étourvol,Normal,Vol,340,55,75,50,40,40,80,4,FALSE
398,Étouraptor,Normal,Vol,485,85,120,70,50,60,100,4,FALSE
399,Keunotor,Normal,NA,250,59,45,40,35,40,31,4,FALSE
400,Castorno,Normal,Eau,410,79,85,60,55,60,71,4,FALSE
401,Crikzik,Insecte,NA,194,37,25,41,25,41,25,4,FALSE
402,Mélokrik,Insecte,NA,384,77,85,51,55,51,65,4,FALSE
403,Lixy,Électrik,NA,263,45,65,34,40,34,45,4,FALSE
404,Luxio,Électrik,NA,363,60,85,49,60,49,60,4,FALSE
405,Luxray,Électrik,NA,523,80,120,79,95,79,70,4,FALSE
406,Rozbouton,Plante,Poison,280,40,30,35,50,70,55,4,FALSE
407,Roserade,Plante,Poison,515,60,70,65,125,105,90,4,FALSE
408,Kranidos,Roche,NA,350,67,125,40,30,30,58,4,FALSE
409,Charkos,Roche,NA,495,97,165,60,65,50,58,4,FALSE
410,Dinoclier,Roche,Acier,350,30,42,118,42,88,30,4,FALSE
411,Bastiodon,Roche,Acier,495,60,52,168,47,138,30,4,FALSE
412,Cheniti,Insecte,NA,224,40,29,45,29,45,36,4,FALSE
413,Cheniselle,Insecte,Plante,424,60,59,85,79,105,36,4,FALSE
414,Papilord,Insecte,Vol,424,70,94,50,94,50,66,4,FALSE
415,Apitrini,Insecte,Vol,244,30,30,42,30,42,70,4,FALSE
416,Apireine,Insecte,Vol,474,70,80,102,80,102,40,4,FALSE
417,Pachirisu,Électrik,NA,405,60,45,70,45,90,95,4,FALSE
418,Mustébouée,Eau,NA,330,55,65,35,60,30,85,4,FALSE
419,Mustéflott,Eau,NA,495,85,105,55,85,50,115,4,FALSE
420,Ceribou,Plante,NA,275,45,35,45,62,53,35,4,FALSE
421,Ceriflor,Plante,NA,450,70,60,70,87,78,85,4,FALSE
422,Sancoki,Eau,NA,325,76,48,48,57,62,34,4,FALSE
423,Tritosor,Eau,Sol,475,111,83,68,92,82,39,4,FALSE
424,Capidextre,Normal,NA,482,75,100,66,60,66,115,4,FALSE
425,Baudrive,Spectre,Vol,348,90,50,34,60,44,70,4,FALSE
426,Grodrive,Spectre,Vol,498,150,80,44,90,54,80,4,FALSE
427,Laporeille,Normal,NA,350,55,66,44,44,56,85,4,FALSE
428,Lockpin,Normal,NA,480,65,76,84,54,96,105,4,FALSE
429,Magirêve,Spectre,NA,495,60,60,60,105,105,105,4,FALSE
430,Corboss,Ténèbres,Vol,505,100,125,52,105,52,71,4,FALSE
431,Chaglam,Normal,NA,310,49,55,42,42,37,85,4,FALSE
432,Chaffreux,Normal,NA,452,71,82,64,64,59,112,4,FALSE
433,Korillon,Psy,NA,285,45,30,50,65,50,45,4,FALSE
434,Moufouette,Poison,Ténèbres,329,63,63,47,41,41,74,4,FALSE
435,Moufflair,Poison,Ténèbres,479,103,93,67,71,61,84,4,FALSE
436,Archéomire,Acier,Psy,300,57,24,86,24,86,23,4,FALSE
437,Archéodong,Acier,Psy,500,67,89,116,79,116,33,4,FALSE
438,Manzaï,Roche,NA,290,50,80,95,10,45,10,4,FALSE
439,Mime Jr.,Psy,Fée,310,20,25,45,70,90,60,4,FALSE
440,Ptiravi,Normal,NA,220,100,5,5,15,65,30,4,FALSE
441,Pijako,Normal,Vol,411,76,65,45,92,42,91,4,FALSE
442,Spiritomb,Spectre,Ténèbres,485,50,92,108,92,108,35,4,FALSE
443,Griknot,Dragon,Sol,300,58,70,45,40,45,42,4,FALSE
444,Carmache,Dragon,Sol,410,68,90,65,50,55,82,4,FALSE
445,Carchacrok,Dragon,Sol,600,108,130,95,80,85,102,4,FALSE
446,Goinfrex,Normal,NA,390,135,85,40,40,85,5,4,FALSE
447,Riolu,Combat,NA,285,40,70,40,35,40,60,4,FALSE
448,Lucario,Combat,Acier,525,70,110,70,115,70,90,4,FALSE
449,Hippopotas,Sol,NA,330,68,72,78,38,42,32,4,FALSE
450,Hippodocus,Sol,NA,525,108,112,118,68,72,47,4,FALSE
451,Rapion,Poison,Insecte,330,40,50,90,30,55,65,4,FALSE
452,Drascore,Poison,Ténèbres,500,70,90,110,60,75,95,4,FALSE
453,Cradopaud,Poison,Combat,300,48,61,40,61,40,50,4,FALSE
454,Coatox,Poison,Combat,490,83,106,65,86,65,85,4,FALSE
455,Vortente,Plante,NA,454,74,100,72,90,72,46,4,FALSE
456,Écayon,Eau,NA,330,49,49,56,49,61,66,4,FALSE
457,Luminéon,Eau,NA,460,69,69,76,69,86,91,4,FALSE
458,Babimanta,Eau,Vol,345,45,20,50,60,120,50,4,FALSE
459,Blizzi,Plante,Glace,334,60,62,50,62,60,40,4,FALSE
460,Blizzaroi,Plante,Glace,494,90,92,75,92,85,60,4,FALSE
461,Dimoret,Ténèbres,Glace,510,70,120,65,45,85,125,4,FALSE
462,Magnézone,Électrik,Acier,535,70,70,115,130,90,60,4,FALSE
463,Coudlangue,Normal,NA,515,110,85,95,80,95,50,4,FALSE
464,Rhinastoc,Sol,Roche,535,115,140,130,55,55,40,4,FALSE
465,Bouldeneu,Plante,NA,535,100,100,125,110,50,50,4,FALSE
466,Élekable,Électrik,NA,540,75,123,67,95,85,95,4,FALSE
467,Maganon,Feu,NA,540,75,95,67,125,95,83,4,FALSE
468,Togekiss,Fée,Vol,545,85,50,95,120,115,80,4,FALSE
469,Yanmega,Insecte,Vol,515,86,76,86,116,56,95,4,FALSE
470,Phyllali,Plante,NA,525,65,110,130,60,65,95,4,FALSE
471,Givrali,Glace,NA,525,65,60,110,130,95,65,4,FALSE
472,Scorvol,Sol,Vol,510,75,95,125,45,75,95,4,FALSE
473,Mammochon,Glace,Sol,530,110,130,80,70,60,80,4,FALSE
474,Porygon-Z,Normal,NA,535,85,80,70,135,75,90,4,FALSE
475,Gallame,Psy,Combat,518,68,125,65,65,115,80,4,FALSE
476,Tarinorme,Roche,Acier,525,60,55,145,75,150,40,4,FALSE
477,Noctunoir,Spectre,NA,525,45,100,135,65,135,45,4,FALSE
478,Momartik,Glace,Spectre,480,70,80,70,80,70,110,4,FALSE
479,Motisma,Électrik,Spectre,440,50,50,77,95,77,91,4,FALSE
480,Créhelf,Psy,NA,580,75,75,130,75,130,95,4,TRUE
481,Créfollet,Psy,NA,580,80,105,105,105,105,80,4,TRUE
482,Créfadet,Psy,NA,580,75,125,70,125,70,115,4,TRUE
483,Dialga,Acier,Dragon,680,100,120,120,150,100,90,4,TRUE
484,Palkia,Eau,Dragon,680,90,120,100,150,120,100,4,TRUE
485,Heatran,Feu,Acier,600,91,90,106,130,106,77,4,TRUE
486,Regigigas,Normal,NA,670,110,160,110,80,110,100,4,TRUE
487,Giratina,Spectre,Dragon,680,150,100,120,100,120,90,4,TRUE
488,Cresselia,Psy,NA,600,120,70,120,75,130,85,4,FALSE
489,Phione,Eau,NA,480,80,80,80,80,80,80,4,FALSE
490,Manaphy,Eau,NA,600,100,100,100,100,100,100,4,FALSE
491,Darkrai,Ténèbres,NA,600,70,90,90,135,90,125,4,TRUE
492,Shaymin,Plante,NA,600,100,100,100,100,100,100,4,TRUE
493,Arceus,Normal,NA,720,120,120,120,120,120,120,4,TRUE
494,Victini,Psy,Feu,600,100,100,100,100,100,100,5,TRUE
495,Vipélierre,Plante,NA,308,45,45,55,45,55,63,5,FALSE
496,Lianaja,Plante,NA,413,60,60,75,60,75,83,5,FALSE
497,Majaspic,Plante,NA,528,75,75,95,75,95,113,5,FALSE
498,Gruikui,Feu,NA,308,65,63,45,45,45,45,5,FALSE
499,Grotichon,Feu,Combat,418,90,93,55,70,55,55,5,FALSE
500,Roitiflam,Feu,Combat,528,110,123,65,100,65,65,5,FALSE
501,Moustillon,Eau,NA,308,55,55,45,63,45,45,5,FALSE
502,Mateloutre,Eau,NA,413,75,75,60,83,60,60,5,FALSE
503,Clamiral,Eau,NA,528,95,100,85,108,70,70,5,FALSE
504,Ratentif,Normal,NA,255,45,55,39,35,39,42,5,FALSE
505,Miradar,Normal,NA,420,60,85,69,60,69,77,5,FALSE
506,Ponchiot,Normal,NA,275,45,60,45,25,45,55,5,FALSE
507,Ponchien,Normal,NA,370,65,80,65,35,65,60,5,FALSE
508,Mastouffe,Normal,NA,500,85,110,90,45,90,80,5,FALSE
509,Chacripan,Ténèbres,NA,281,41,50,37,50,37,66,5,FALSE
510,Léopardus,Ténèbres,NA,446,64,88,50,88,50,106,5,FALSE
511,Feuillajou,Plante,NA,316,50,53,48,53,48,64,5,FALSE
512,Feuiloutan,Plante,NA,498,75,98,63,98,63,101,5,FALSE
513,Flamajou,Feu,NA,316,50,53,48,53,48,64,5,FALSE
514,Flamoutan,Feu,NA,498,75,98,63,98,63,101,5,FALSE
515,Flotajou,Eau,NA,316,50,53,48,53,48,64,5,FALSE
516,Flotoutan,Eau,NA,498,75,98,63,98,63,101,5,FALSE
517,Munna,Psy,NA,292,76,25,45,67,55,24,5,FALSE
518,Mushana,Psy,NA,487,116,55,85,107,95,29,5,FALSE
519,Poichigeon,Normal,Vol,264,50,55,50,36,30,43,5,FALSE
520,Colombeau,Normal,Vol,358,62,77,62,50,42,65,5,FALSE
521,Déflaisan,Normal,Vol,488,80,115,80,65,55,93,5,FALSE
522,Zébibron,Électrik,NA,295,45,60,32,50,32,76,5,FALSE
523,Zéblitz,Électrik,NA,497,75,100,63,80,63,116,5,FALSE
524,Nodulithe,Roche,NA,280,55,75,85,25,25,15,5,FALSE
525,Géolithe,Roche,NA,390,70,105,105,50,40,20,5,FALSE
526,Gigalithe,Roche,NA,515,85,135,130,60,80,25,5,FALSE
527,Chovsourir,Psy,Vol,313,55,45,43,55,43,72,5,FALSE
528,Rhinolove,Psy,Vol,425,67,57,55,77,55,114,5,FALSE
529,Rototaupe,Sol,NA,328,60,85,40,30,45,68,5,FALSE
530,Minotaupe,Sol,Acier,508,110,135,60,50,65,88,5,FALSE
531,Nanméouïe,Normal,NA,445,103,60,86,60,86,50,5,FALSE
532,Charpenti,Combat,NA,305,75,80,55,25,35,35,5,FALSE
533,Ouvrifier,Combat,NA,405,85,105,85,40,50,40,5,FALSE
534,Bétochef,Combat,NA,505,105,140,95,55,65,45,5,FALSE
535,Tritonde,Eau,NA,294,50,50,40,50,40,64,5,FALSE
536,Batracné,Eau,Sol,384,75,65,55,65,55,69,5,FALSE
537,Crapustule,Eau,Sol,509,105,95,75,85,75,74,5,FALSE
538,Judokrak,Combat,NA,465,120,100,85,30,85,45,5,FALSE
539,Karaclée,Combat,NA,465,75,125,75,30,75,85,5,FALSE
540,Larveyette,Insecte,Plante,310,45,53,70,40,60,42,5,FALSE
541,Couverdure,Insecte,Plante,380,55,63,90,50,80,42,5,FALSE
542,Manternel,Insecte,Plante,500,75,103,80,70,80,92,5,FALSE
543,Venipatte,Insecte,Poison,260,30,45,59,30,39,57,5,FALSE
544,Scobolide,Insecte,Poison,360,40,55,99,40,79,47,5,FALSE
545,Brutapode,Insecte,Poison,485,60,100,89,55,69,112,5,FALSE
546,Doudouvet,Plante,Fée,280,40,27,60,37,50,66,5,FALSE
547,Farfaduvet,Plante,Fée,480,60,67,85,77,75,116,5,FALSE
548,Chlorobule,Plante,NA,280,45,35,50,70,50,30,5,FALSE
549,Fragilady,Plante,NA,480,70,60,75,110,75,90,5,FALSE
550,Bargantua,Eau,NA,460,70,92,65,80,55,98,5,FALSE
551,Mascaïman,Sol,Ténèbres,292,50,72,35,35,35,65,5,FALSE
552,Escroco,Sol,Ténèbres,351,60,82,45,45,45,74,5,FALSE
553,Crocorible,Sol,Ténèbres,519,95,117,80,65,70,92,5,FALSE
554,Darumarond,Feu,NA,315,70,90,45,15,45,50,5,FALSE
555,DarmanitanStandard Mode,Feu,NA,480,105,140,55,30,55,95,5,FALSE
556,Maracachi,Plante,NA,461,75,86,67,106,67,60,5,FALSE
557,Crabicoque,Insecte,Roche,325,50,65,85,35,35,55,5,FALSE
558,Crabaraque,Insecte,Roche,475,70,95,125,65,75,45,5,FALSE
559,Baggiguane,Ténèbres,Combat,348,50,75,70,35,70,48,5,FALSE
560,Baggaïd,Ténèbres,Combat,488,65,90,115,45,115,58,5,FALSE
561,Cryptéro,Psy,Vol,490,72,58,80,103,80,97,5,FALSE
562,Tutafeh,Spectre,NA,303,38,30,85,55,65,30,5,FALSE
563,Tutankafer,Spectre,NA,483,58,50,145,95,105,30,5,FALSE
564,Carapagos,Eau,Roche,355,54,78,103,53,45,22,5,FALSE
565,Mégapagos,Eau,Roche,495,74,108,133,83,65,32,5,FALSE
566,Arkéapti,Roche,Vol,401,55,112,45,74,45,70,5,FALSE
567,Aéroptéryx,Roche,Vol,567,75,140,65,112,65,110,5,FALSE
568,Miamiasme,Poison,NA,329,50,50,62,40,62,65,5,FALSE
569,Miasmax,Poison,NA,474,80,95,82,60,82,75,5,FALSE
570,Zorua,Ténèbres,NA,330,40,65,40,80,40,65,5,FALSE
571,Zoroark,Ténèbres,NA,510,60,105,60,120,60,105,5,FALSE
572,Chinchidou,Normal,NA,300,55,50,40,40,40,75,5,FALSE
573,Pashmilla,Normal,NA,470,75,95,60,65,60,115,5,FALSE
574,Scrutella,Psy,NA,290,45,30,50,55,65,45,5,FALSE
575,Mesmérella,Psy,NA,390,60,45,70,75,85,55,5,FALSE
576,Sidérella,Psy,NA,490,70,55,95,95,110,65,5,FALSE
577,Nucléos,Psy,NA,290,45,30,40,105,50,20,5,FALSE
578,Méios,Psy,NA,370,65,40,50,125,60,30,5,FALSE
579,Symbios,Psy,NA,490,110,65,75,125,85,30,5,FALSE
580,Couaneton,Eau,Vol,305,62,44,50,44,50,55,5,FALSE
581,Lakmécygne,Eau,Vol,473,75,87,63,87,63,98,5,FALSE
582,Sorbébé,Glace,NA,305,36,50,50,65,60,44,5,FALSE
583,Sorboul,Glace,NA,395,51,65,65,80,75,59,5,FALSE
584,Sorbouboul,Glace,NA,535,71,95,85,110,95,79,5,FALSE
585,Vivaldaim,Normal,Plante,335,60,60,50,40,50,75,5,FALSE
586,Haydaim,Normal,Plante,475,80,100,70,60,70,95,5,FALSE
587,Emolga,Électrik,Vol,428,55,75,60,75,60,103,5,FALSE
588,Carabing,Insecte,NA,315,50,75,45,40,45,60,5,FALSE
589,Lançargot,Insecte,Acier,495,70,135,105,60,105,20,5,FALSE
590,Trompignon,Plante,Poison,294,69,55,45,55,55,15,5,FALSE
591,Gaulet,Plante,Poison,464,114,85,70,85,80,30,5,FALSE
592,Viskuse,Eau,Spectre,335,55,40,50,65,85,40,5,FALSE
593,Moyade,Eau,Spectre,480,100,60,70,85,105,60,5,FALSE
594,Mamanbo,Eau,NA,470,165,75,80,40,45,65,5,FALSE
595,Statitik,Insecte,Électrik,319,50,47,50,57,50,65,5,FALSE
596,Mygavolt,Insecte,Électrik,472,70,77,60,97,60,108,5,FALSE
597,Grindur,Plante,Acier,305,44,50,91,24,86,10,5,FALSE
598,Noacier,Plante,Acier,489,74,94,131,54,116,20,5,FALSE
599,Tic,Acier,NA,300,40,55,70,45,60,30,5,FALSE
600,Clic,Acier,NA,440,60,80,95,70,85,50,5,FALSE
601,Cliticlic,Acier,NA,520,60,100,115,70,85,90,5,FALSE
602,Anchwatt,Électrik,NA,275,35,55,40,45,40,60,5,FALSE
603,Lampéroie,Électrik,NA,405,65,85,70,75,70,40,5,FALSE
604,Ohmassacre,Électrik,NA,515,85,115,80,105,80,50,5,FALSE
605,Lewsor,Psy,NA,335,55,55,55,85,55,30,5,FALSE
606,Neitram,Psy,NA,485,75,75,75,125,95,40,5,FALSE
607,Funécire,Spectre,Feu,275,50,30,55,65,55,20,5,FALSE
608,Mélancolux,Spectre,Feu,370,60,40,60,95,60,55,5,FALSE
609,Lugulabre,Spectre,Feu,520,60,55,90,145,90,80,5,FALSE
610,Coupenotte,Dragon,NA,320,46,87,60,30,40,57,5,FALSE
611,Incisache,Dragon,NA,410,66,117,70,40,50,67,5,FALSE
612,Tranchodon,Dragon,NA,540,76,147,90,60,70,97,5,FALSE
613,Polarhume,Glace,NA,305,55,70,40,60,40,40,5,FALSE
614,Polagriffe,Glace,NA,485,95,110,80,70,80,50,5,FALSE
615,Hexagel,Glace,NA,485,70,50,30,95,135,105,5,FALSE
616,Escargaume,Insecte,NA,305,50,40,85,40,65,25,5,FALSE
617,Limaspeed,Insecte,NA,495,80,70,40,100,60,145,5,FALSE
618,Limonde,Sol,Électrik,471,109,66,84,81,99,32,5,FALSE
619,Kungfouine,Combat,NA,350,45,85,50,55,50,65,5,FALSE
620,Shaofouine,Combat,NA,510,65,125,60,95,60,105,5,FALSE
621,Drakkarmin,Dragon,NA,485,77,120,90,60,90,48,5,FALSE
622,Gringolem,Sol,Spectre,303,59,74,50,35,50,35,5,FALSE
623,Golemastoc,Sol,Spectre,483,89,124,80,55,80,55,5,FALSE
624,Scalpion,Ténèbres,Acier,340,45,85,70,40,40,60,5,FALSE
625,Scalproie,Ténèbres,Acier,490,65,125,100,60,70,70,5,FALSE
626,Frison,Normal,NA,490,95,110,95,40,95,55,5,FALSE
627,Furaiglon,Normal,Vol,350,70,83,50,37,50,60,5,FALSE
628,Gueriaigle,Normal,Vol,510,100,123,75,57,75,80,5,FALSE
629,Vostourno,Ténèbres,Vol,370,70,55,75,45,65,60,5,FALSE
630,Vaututrice,Ténèbres,Vol,510,110,65,105,55,95,80,5,FALSE
631,Aflamanoir,Feu,NA,484,85,97,66,105,66,65,5,FALSE
632,Fermite,Insecte,Acier,484,58,109,112,48,48,109,5,FALSE
633,Solochi,Ténèbres,Dragon,300,52,65,50,45,50,38,5,FALSE
634,Diamat,Ténèbres,Dragon,420,72,85,70,65,70,58,5,FALSE
635,Trioxhydre,Ténèbres,Dragon,600,92,105,90,125,90,98,5,FALSE
636,Pyronille,Insecte,Feu,360,55,85,55,50,55,60,5,FALSE
637,Pyrax,Insecte,Feu,550,85,60,65,135,105,100,5,FALSE
638,Cobaltium,Acier,Combat,580,91,90,129,90,72,108,5,TRUE
639,Terrakium,Roche,Combat,580,91,129,90,72,90,108,5,TRUE
640,Viridium,Plante,Combat,580,91,90,72,90,129,108,5,TRUE
641,Boréas,Vol,NA,580,79,115,70,125,80,111,5,TRUE
642,Fulguris,Électrik,Vol,580,79,115,70,125,80,111,5,TRUE
643,Reshiram,Dragon,Feu,680,100,120,100,150,120,90,5,TRUE
644,Zekrom,Dragon,Électrik,680,100,150,120,120,100,90,5,TRUE
645,Démétéros,Sol,Vol,600,89,125,90,115,80,101,5,TRUE
646,Kyurem,Dragon,Glace,660,125,130,90,130,90,95,5,TRUE
647,Keldeo,Eau,Combat,580,91,72,90,129,90,108,5,FALSE
648,Meloetta,Normal,Psy,600,100,77,77,128,128,90,5,FALSE
649,Genesect,Insecte,Acier,600,71,120,95,120,95,99,5,FALSE
650,Marisson,Plante,NA,313,56,61,65,48,45,38,6,FALSE
651,Boguérisse,Plante,NA,405,61,78,95,56,58,57,6,FALSE
652,Blindépique,Plante,Combat,530,88,107,122,74,75,64,6,FALSE
653,Feunnec,Feu,NA,307,40,45,40,62,60,60,6,FALSE
654,Roussil,Feu,NA,409,59,59,58,90,70,73,6,FALSE
655,Goupelin,Feu,Psy,534,75,69,72,114,100,104,6,FALSE
656,Grenousse,Eau,NA,314,41,56,40,62,44,71,6,FALSE
657,Croâporal,Eau,NA,405,54,63,52,83,56,97,6,FALSE
658,Amphinobi,Eau,Ténèbres,530,72,95,67,103,71,122,6,FALSE
659,Sapereau,Normal,NA,237,38,36,38,32,36,57,6,FALSE
660,Excavarenne,Normal,Sol,423,85,56,77,50,77,78,6,FALSE
661,Passerouge,Normal,Vol,278,45,50,43,40,38,62,6,FALSE
662,Braisillon,Feu,Vol,382,62,73,55,56,52,84,6,FALSE
663,Flambusard,Feu,Vol,499,78,81,71,74,69,126,6,FALSE
664,Lépidonille,Insecte,NA,200,38,35,40,27,25,35,6,FALSE
665,Pérégrain,Insecte,NA,213,45,22,60,27,30,29,6,FALSE
666,Prismillon,Insecte,Vol,411,80,52,50,90,50,89,6,FALSE
667,Hélionceau,Feu,Normal,369,62,50,58,73,54,72,6,FALSE
668,Némélios,Feu,Normal,507,86,68,72,109,66,106,6,FALSE
669,Flabébé,Fée,NA,303,44,38,39,61,79,42,6,FALSE
670,Floette,Fée,NA,371,54,45,47,75,98,52,6,FALSE
671,Florges,Fée,NA,552,78,65,68,112,154,75,6,FALSE
672,Cabriolaine,Plante,NA,350,66,65,48,62,57,52,6,FALSE
673,Chevroum,Plante,NA,531,123,100,62,97,81,68,6,FALSE
674,Pandespiègle,Combat,NA,348,67,82,62,46,48,43,6,FALSE
675,Pandarbare,Combat,Ténèbres,495,95,124,78,69,71,58,6,FALSE
676,Couafarel,Normal,NA,472,75,80,60,65,90,102,6,FALSE
677,Psystigri,Psy,NA,355,62,48,54,63,60,68,6,FALSE
678,MeowsticMale,Psy,NA,466,74,48,76,83,81,104,6,FALSE
679,Monorpale,Acier,Spectre,325,45,80,100,35,37,28,6,FALSE
680,Dimoclès,Acier,Spectre,448,59,110,150,45,49,35,6,FALSE
681,Exagide,Acier,Spectre,520,60,150,50,150,50,60,6,FALSE
682,Fluvetin,Fée,NA,341,78,52,60,63,65,23,6,FALSE
683,Cocotine,Fée,NA,462,101,72,72,99,89,29,6,FALSE
684,Sucroquin,Fée,NA,341,62,48,66,59,57,49,6,FALSE
685,Cupcanaille,Fée,NA,480,82,80,86,85,75,72,6,FALSE
686,Sepiatop,Ténèbres,Psy,288,53,54,53,37,46,45,6,FALSE
687,Sepiatroce,Ténèbres,Psy,482,86,92,88,68,75,73,6,FALSE
688,Opermine,Roche,Eau,306,42,52,67,39,56,50,6,FALSE
689,Golgopathe,Roche,Eau,500,72,105,115,54,86,68,6,FALSE
690,Venalgue,Poison,Eau,320,50,60,60,60,60,30,6,FALSE
691,Kravarech,Poison,Dragon,494,65,75,90,97,123,44,6,FALSE
692,Flingouste,Eau,NA,330,50,53,62,58,63,44,6,FALSE
693,Gamblast,Eau,NA,500,71,73,88,120,89,59,6,FALSE
694,Galvaran,Électrik,Normal,289,44,38,33,61,43,70,6,FALSE
695,Iguolta,Électrik,Normal,481,62,55,52,109,94,109,6,FALSE
696,Ptyranidur,Roche,Dragon,362,58,89,77,45,45,48,6,FALSE
697,Rexillius,Roche,Dragon,521,82,121,119,69,59,71,6,FALSE
698,Amagara,Roche,Glace,362,77,59,50,67,63,46,6,FALSE
699,Dragmara,Roche,Glace,521,123,77,72,99,92,58,6,FALSE
700,Nymphali,Fée,NA,525,95,65,65,110,130,60,6,FALSE
701,Brutalibré,Combat,Vol,500,78,92,75,74,63,118,6,FALSE
702,Dedenne,Électrik,Fée,431,67,58,57,81,67,101,6,FALSE
703,Strassie,Roche,Fée,500,50,50,150,50,150,50,6,FALSE
704,Mucuscule,Dragon,NA,300,45,50,35,55,75,40,6,FALSE
705,Colimucus,Dragon,NA,452,68,75,53,83,113,60,6,FALSE
706,Muplodocus,Dragon,NA,600,90,100,70,110,150,80,6,FALSE
707,Trousselin,Acier,Fée,470,57,80,91,80,87,75,6,FALSE
708,Brocélôme,Spectre,Plante,309,43,70,48,50,60,38,6,FALSE
709,Desséliande,Spectre,Plante,474,85,110,76,65,82,56,6,FALSE
710,Pitrouille,Spectre,Plante,335,49,66,70,44,55,51,6,FALSE
711,Banshitrouye,Spectre,Plante,494,65,90,122,58,75,84,6,FALSE
712,Grelaçon,Glace,NA,304,55,69,85,32,35,28,6,FALSE
713,Séracrawl,Glace,NA,514,95,117,184,44,46,28,6,FALSE
714,Sonistrelle,Vol,Dragon,245,40,30,35,45,40,55,6,FALSE
715,Bruyverne,Vol,Dragon,535,85,70,80,97,80,123,6,FALSE
716,Xerneas,Fée,NA,680,126,131,95,131,98,99,6,TRUE
717,Yveltal,Ténèbres,Vol,680,126,131,95,131,98,99,6,TRUE
718,Zygarde,Dragon,Sol,600,108,100,121,81,95,95,6,TRUE
719,Diancie,Roche,Fée,600,50,100,150,100,150,50,6,TRUE
720,Hoopa,Psy,Spectre,600,80,110,60,150,130,70,6,TRUE
721,Volcanion,Feu,Eau,600,80,110,120,130,90,70,6,TRUE
